Series Name,Series Code,Country Name,Country Code,1990 [YR1990],2000 [YR2000],2011 [YR2011],2012 [YR2012],2013 [YR2013],2014 [YR2014],2015 [YR2015],2016 [YR2016],2017 [YR2017],2018 [YR2018],2019 [YR2019],2020 [YR2020]
"PM2.5 air pollution, mean annual exposure (micrograms per cubic meter)",EN.ATM.PM25.MC.M3,Afghanistan,AFG,65.4867916524168,64.922461997785,66.8357271071327,66.02317421224,61.3667445152584,59.0103302514867,61.2526557952932,56.2870467224308,56.9108083545081,..,..,..
"PM2.5 air pollution, mean annual exposure (micrograms per cubic meter)",EN.ATM.PM25.MC.M3,Albania,ALB,22.7186632445467,21.998248157076,22.7725366537911,20.5782591769838,19.9385171053378,18.8839549651717,19.5125396228106,18.1899337514472,18.2006025215914,..,..,..
"PM2.5 air pollution, mean annual exposure (micrograms per cubic meter)",EN.ATM.PM25.MC.M3,Algeria,DZA,36.9302577059946,37.5360503002013,33.8340477410328,33.3668262043692,34.2453279072063,35.563917177565,36.0891635653848,39.853273847241,38.8840106983002,..,..,..
"PM2.5 air pollution, mean annual exposure (micrograms per cubic meter)",EN.ATM.PM25.MC.M3,American Samoa,ASM,12.4790826565409,15.214667966958,15.3906418570512,14.3441501484645,14.1272255153053,13.3169920338184,13.0193901036704,12.3827298738272,12.4738202417443,..,..,..
"PM2.5 air pollution, mean annual exposure (micrograms per cubic meter)",EN.ATM.PM25.MC.M3,Andorra,AND,14.1187416066287,12.5940147055853,13.2735055489618,12.4070530290878,11.8136733075768,10.8304182450691,11.462178465567,10.2558344278431,10.3076213949548,..,..,..
"PM2.5 air pollution, mean annual exposure (micrograms per cubic meter)",EN.ATM.PM25.MC.M3,Angola,AGO,36.4481159908747,36.182967879889,33.1041946330203,33.4154950593669,34.6639225658386,32.9740250383699,32.7298731438952,31.785388814817,32.3885049076425,..,..,..
"PM2.5 air pollution, mean annual exposure (micrograms per cubic meter)",EN.ATM.PM25.MC.M3,Antigua and Barbuda,ATG,22.4085635347848,21.9761180428363,23.1478617038523,21.4710504378955,20.7353850736625,19.7255836182805,19.6963877942929,18.4609303216643,18.6223428464755,..,..,..
"PM2.5 air pollution, mean annual exposure (micrograms per cubic meter)",EN.ATM.PM25.MC.M3,Argentina,ARG,16.220530169464,16.7809479169912,17.382982132833,16.1350718237481,15.5973751475223,14.4669804074766,14.6316258961135,13.7514440269638,13.311833946835,..,..,..
"PM2.5 air pollution, mean annual exposure (micrograms per cubic meter)",EN.ATM.PM25.MC.M3,Armenia,ARM,36.860721103674,36.796446971455,38.6122752150667,37.184484644841,34.9372125951584,33.0859498151739,34.8814326393148,32.2271677279368,32.5281183420597,..,..,..
"PM2.5 air pollution, mean annual exposure (micrograms per cubic meter)",EN.ATM.PM25.MC.M3,Aruba,ABW,..,..,..,..,..,..,..,..,..,..,..,..
"PM2.5 air pollution, mean annual exposure (micrograms per cubic meter)",EN.ATM.PM25.MC.M3,Australia,AUS,10.4118546340861,10.8437236627653,11.0472649248094,10.5370899888968,9.987683889602,9.49297875176193,9.32001528859246,8.61450892396923,8.55032440147794,..,..,..
"PM2.5 air pollution, mean annual exposure (micrograms per cubic meter)",EN.ATM.PM25.MC.M3,Austria,AUT,16.8666882522145,15.3553628184252,15.5733709260358,14.282332052066,14.0816134772545,13.3792279402368,13.5410951655305,12.5968160524095,12.4779667308248,..,..,..
"PM2.5 air pollution, mean annual exposure (micrograms per cubic meter)",EN.ATM.PM25.MC.M3,Azerbaijan,AZE,23.9429148197785,22.8807720019118,23.6298687996479,22.1808103351695,22.2787804649609,20.7100675132803,21.4141228108411,20.2081566380035,19.9286636166698,..,..,..
"PM2.5 air pollution, mean annual exposure (micrograms per cubic meter)",EN.ATM.PM25.MC.M3,"Bahamas, The",BHS,21.019923737563,21.3182006569771,21.7744249405106,20.3170756932496,19.9094007901768,18.4953332809446,18.8863062069471,17.6513206940833,17.3677204858567,..,..,..
"PM2.5 air pollution, mean annual exposure (micrograms per cubic meter)",EN.ATM.PM25.MC.M3,Bahrain,BHR,68.1587615823942,67.9577893383379,63.7324992882939,70.2874825415208,67.794678177984,62.758543707641,72.6046774264373,69.8641823640273,70.8162076823101,..,..,..
"PM2.5 air pollution, mean annual exposure (micrograms per cubic meter)",EN.ATM.PM25.MC.M3,Bangladesh,BGD,61.5956296327088,63.0363418042722,70.2105488970643,70.7939088190512,65.6450828942286,68.3953773999732,66.965749241971,60.1262746665842,60.8457845768598,..,..,..
"PM2.5 air pollution, mean annual exposure (micrograms per cubic meter)",EN.ATM.PM25.MC.M3,Barbados,BRB,28.2125217340507,28.4794561939798,29.3034896712655,27.0335295598113,26.2302305442659,25.1830144736914,24.6862408249598,23.4591998416279,23.0801758047572,..,..,..
"PM2.5 air pollution, mean annual exposure (micrograms per cubic meter)",EN.ATM.PM25.MC.M3,Belarus,BLR,24.5858482611095,22.6502661292655,22.9111457833362,21.6463722628796,20.5904595427973,19.7660536645136,20.0762763601327,18.8782395170299,18.7655799063811,..,..,..
"PM2.5 air pollution, mean annual exposure (micrograms per cubic meter)",EN.ATM.PM25.MC.M3,Belgium,BEL,17.5874964252016,15.6624512189871,15.6984425660181,14.7418936525439,14.022669855411,13.2336213038739,13.5665230328776,12.8330875090711,12.8865184713072,..,..,..
"PM2.5 air pollution, mean annual exposure (micrograms per cubic meter)",EN.ATM.PM25.MC.M3,Belize,BLZ,27.429802340104,27.8414398265816,28.8004462756898,27.4091221262169,27.2844396614662,24.421148092659,25.2168256558382,23.0656842383796,23.0118921090113,..,..,..
"PM2.5 air pollution, mean annual exposure (micrograms per cubic meter)",EN.ATM.PM25.MC.M3,Benin,BEN,40.2201360958666,39.776293240581,32.5808462339065,31.9920004396705,31.4432986543429,29.6604556737574,40.4706826318169,38.4477036582204,38.9999587632257,..,..,..
"PM2.5 air pollution, mean annual exposure (micrograms per cubic meter)",EN.ATM.PM25.MC.M3,Bermuda,BMU,11.7497593411712,14.8054427482806,14.8431129198767,13.9790826313443,13.4788509478601,12.8064147726534,12.4179610821468,11.6599436225998,11.646359194991,..,..,..
"PM2.5 air pollution, mean annual exposure (micrograms per cubic meter)",EN.ATM.PM25.MC.M3,Bhutan,BTN,40.2059690673873,39.7495788195725,43.0717032876702,42.9322728903261,41.8819070055062,40.839673733048,39.8186387277385,37.2243639362562,37.926503204094,..,..,..
"PM2.5 air pollution, mean annual exposure (micrograms per cubic meter)",EN.ATM.PM25.MC.M3,Bolivia,BOL,23.9526794872488,26.2544413947557,27.9042043928553,26.3902438849335,26.0904689724638,24.8188293201879,22.4763999240855,21.3866041028025,21.5689865956858,..,..,..
"PM2.5 air pollution, mean annual exposure (micrograms per cubic meter)",EN.ATM.PM25.MC.M3,Bosnia and Herzegovina,BIH,30.3525578052722,33.1722601843176,34.1918664789545,31.7732597083639,30.4462307541208,28.7773251270833,29.62283838547,27.5944670874007,27.7476689647337,..,..,..
"PM2.5 air pollution, mean annual exposure (micrograms per cubic meter)",EN.ATM.PM25.MC.M3,Botswana,BWA,25.4354308255046,25.3018243731194,24.5921145917485,24.8540389372008,24.874259310378,24.1512777920262,24.3302579595546,23.6312674185731,23.094386181065,..,..,..
"PM2.5 air pollution, mean annual exposure (micrograms per cubic meter)",EN.ATM.PM25.MC.M3,Brazil,BRA,15.1438614382675,15.7734811860184,15.9127979882089,15.2854557635981,14.6099009220172,13.989934768646,13.5946556248812,12.6586760087632,12.7066294740724,..,..,..
"PM2.5 air pollution, mean annual exposure (micrograms per cubic meter)",EN.ATM.PM25.MC.M3,British Virgin Islands,VGB,..,..,..,..,..,..,..,..,..,..,..,..
"PM2.5 air pollution, mean annual exposure (micrograms per cubic meter)",EN.ATM.PM25.MC.M3,Brunei Darussalam,BRN,6.73229822202624,6.88451352392684,7.36618712214386,7.57082294863593,6.70948968257737,6.18083011458724,6.48417977386146,5.92760007169152,5.90306546792381,..,..,..
"PM2.5 air pollution, mean annual exposure (micrograms per cubic meter)",EN.ATM.PM25.MC.M3,Bulgaria,BGR,27.5598809577817,24.0898088199408,24.3003270160439,22.6446557816423,20.9996370886972,20.7435699611911,20.7764274157217,19.2830130341207,19.1491323370921,..,..,..
"PM2.5 air pollution, mean annual exposure (micrograms per cubic meter)",EN.ATM.PM25.MC.M3,Burkina Faso,BFA,46.0146612567422,44.8831116719604,37.2813754909085,38.7841514647357,33.2872002087149,33.9690931656904,46.5621675758196,41.5372429103562,42.9355925055958,..,..,..
"PM2.5 air pollution, mean annual exposure (micrograms per cubic meter)",EN.ATM.PM25.MC.M3,Burundi,BDI,41.2488883301515,40.9557801196629,38.2361912138609,41.0113277588908,39.9710720374836,39.3875586351983,38.4308804776861,38.65322349306,38.8962679482295,..,..,..
"PM2.5 air pollution, mean annual exposure (micrograms per cubic meter)",EN.ATM.PM25.MC.M3,Cabo Verde,CPV,36.1387253276867,36.6281241632985,31.6417781748099,32.9409930254958,32.0858434168133,31.6210811139822,38.6336136590695,33.3923307503611,34.7787001010668,..,..,..
"PM2.5 air pollution, mean annual exposure (micrograms per cubic meter)",EN.ATM.PM25.MC.M3,Cambodia,KHM,29.4775966413203,29.9740341447947,30.919623586085,31.2837326129517,30.336529570532,28.5833662816226,26.7692385369949,25.2028747836286,25.6142918675755,..,..,..
"PM2.5 air pollution, mean annual exposure (micrograms per cubic meter)",EN.ATM.PM25.MC.M3,Cameroon,CMR,75.0066749022861,70.8294828226436,58.0769014769414,62.776696996933,58.186338147769,56.7153055798615,77.0517429779876,73.2052912702734,72.7930962237353,..,..,..
"PM2.5 air pollution, mean annual exposure (micrograms per cubic meter)",EN.ATM.PM25.MC.M3,Canada,CAN,8.22586390838069,8.2809835638994,8.62446106021405,8.10741049508877,7.79163612486354,7.42841986407115,7.15158214464181,6.54907476129371,6.42838313258525,..,..,..
"PM2.5 air pollution, mean annual exposure (micrograms per cubic meter)",EN.ATM.PM25.MC.M3,Cayman Islands,CYM,..,..,..,..,..,..,..,..,..,..,..,..
"PM2.5 air pollution, mean annual exposure (micrograms per cubic meter)",EN.ATM.PM25.MC.M3,Central African Republic,CAF,53.2871560899503,51.5721435267349,51.2295313656511,53.3588338440954,50.874913683433,49.3563637631035,58.3260985147378,56.9854224760331,56.8284973827312,..,..,..
"PM2.5 air pollution, mean annual exposure (micrograms per cubic meter)",EN.ATM.PM25.MC.M3,Chad,TCD,65.7209816005027,65.9716005596686,55.1951595799551,58.675388041128,53.056406895385,51.2471685070404,68.6823937545823,64.7707691186097,66.0292054967769,..,..,..
"PM2.5 air pollution, mean annual exposure (micrograms per cubic meter)",EN.ATM.PM25.MC.M3,Channel Islands,CHI,..,..,..,..,..,..,..,..,..,..,..,..
"PM2.5 air pollution, mean annual exposure (micrograms per cubic meter)",EN.ATM.PM25.MC.M3,Chile,CHL,24.6760565704822,26.1685947683912,27.2458670675305,25.0471553039699,23.9366936042629,22.8682518073035,22.5697925543167,20.8768704085084,21.0362990619754,..,..,..
"PM2.5 air pollution, mean annual exposure (micrograms per cubic meter)",EN.ATM.PM25.MC.M3,China,CHN,57.7650066385472,60.7048393224178,70.5420288260625,63.8270168403804,65.5145502176156,59.767367508178,59.0634224622344,52.2113220381052,52.6645958291981,..,..,..
"PM2.5 air pollution, mean annual exposure (micrograms per cubic meter)",EN.ATM.PM25.MC.M3,Colombia,COL,20.3835154068371,20.053419966933,21.3677787511874,20.5366362157463,19.2233480224231,18.3442052573323,17.3002842821175,16.580600367949,16.5272102219124,..,..,..
"PM2.5 air pollution, mean annual exposure (micrograms per cubic meter)",EN.ATM.PM25.MC.M3,Comoros,COM,21.7539912721864,21.5440557162257,21.0201604355961,21.2526292004144,21.047961835469,21.5020719890253,20.7155574585704,20.4827277304833,20.5468245996681,..,..,..
"PM2.5 air pollution, mean annual exposure (micrograms per cubic meter)",EN.ATM.PM25.MC.M3,"Congo, Dem. Rep.",COD,43.2331345035832,44.7617445693486,41.4932879518651,43.0367715681656,44.4957609524039,42.5494471010008,44.9311859243259,45.4995001760321,44.9092635986842,..,..,..
"PM2.5 air pollution, mean annual exposure (micrograms per cubic meter)",EN.ATM.PM25.MC.M3,"Congo, Rep.",COG,46.687160730001,43.5987852102714,44.1555934546283,43.489987189081,46.1266373227817,45.8528162684726,44.1476951394146,45.7110423973119,46.6382202758892,..,..,..
"PM2.5 air pollution, mean annual exposure (micrograms per cubic meter)",EN.ATM.PM25.MC.M3,Costa Rica,CRI,18.3087643200652,19.4121020855013,19.7021329340499,19.335127675511,18.3415171125168,17.5436341138655,16.8792899428772,15.6558122715552,15.7259203021082,..,..,..
"PM2.5 air pollution, mean annual exposure (micrograms per cubic meter)",EN.ATM.PM25.MC.M3,Cote d'Ivoire,CIV,25.8732006371708,25.2634935105474,22.5930725475998,22.4944044705046,21.305543161003,20.9001776437824,27.6874939617682,26.6747041085018,25.8862663364222,..,..,..
"PM2.5 air pollution, mean annual exposure (micrograms per cubic meter)",EN.ATM.PM25.MC.M3,Croatia,HRV,21.9386912894998,21.5123850232843,21.9660036876547,20.2024227984712,19.5869620124148,18.4331035166307,19.2066815087181,17.7893189134159,17.9017722884016,..,..,..
"PM2.5 air pollution, mean annual exposure (micrograms per cubic meter)",EN.ATM.PM25.MC.M3,Cuba,CUB,23.792351637822,24.1373678979693,24.7873196315851,23.239787139786,22.8507432819569,21.2962343289296,20.8640995675413,19.7378413521182,19.7060474004201,..,..,..
"PM2.5 air pollution, mean annual exposure (micrograms per cubic meter)",EN.ATM.PM25.MC.M3,Curacao,CUW,..,..,..,..,..,..,..,..,..,..,..,..
"PM2.5 air pollution, mean annual exposure (micrograms per cubic meter)",EN.ATM.PM25.MC.M3,Cyprus,CYP,20.9065766023037,20.184993974631,20.0909639911253,19.2248432088374,18.6845457352246,18.2935273677138,19.1013476314892,16.9580216019328,17.2944061994662,..,..,..
"PM2.5 air pollution, mean annual exposure (micrograms per cubic meter)",EN.ATM.PM25.MC.M3,Czech Republic,CZE,24.4036181858368,20.4367067354614,20.0812466454923,18.7431760787781,17.996286996353,17.3912154857519,17.4164516917418,16.1005837025673,16.0712453523646,..,..,..
"PM2.5 air pollution, mean annual exposure (micrograms per cubic meter)",EN.ATM.PM25.MC.M3,Denmark,DNK,13.2549303861478,12.4169394174272,12.6623313832271,11.1155250054339,10.8202788440922,11.0667045307585,10.6572856560768,10.0959719641464,10.0296534385694,..,..,..
"PM2.5 air pollution, mean annual exposure (micrograms per cubic meter)",EN.ATM.PM25.MC.M3,Djibouti,DJI,40.8771655864443,40.9801085585051,40.4418354600315,39.9428207904797,40.103773025949,41.2597275378737,45.9508085109314,45.8688751305626,45.5496175977411,..,..,..
"PM2.5 air pollution, mean annual exposure (micrograms per cubic meter)",EN.ATM.PM25.MC.M3,Dominica,DMA,23.3414291146345,22.9554165023243,24.2761229836168,22.2157992533518,22.1510682746978,21.0103074675552,20.6887886262143,19.9881483485513,19.4931537608634,..,..,..
"PM2.5 air pollution, mean annual exposure (micrograms per cubic meter)",EN.ATM.PM25.MC.M3,Dominican Republic,DOM,15.4440736558284,16.4531496034784,17.2997798585331,16.1528399096455,15.3969506332624,14.1880736961777,14.8582207607442,13.6902277245854,13.726321150433,..,..,..
"PM2.5 air pollution, mean annual exposure (micrograms per cubic meter)",EN.ATM.PM25.MC.M3,Ecuador,ECU,18.4244336396899,18.7002650125971,19.3219949957209,19.5577104818053,18.1186093049907,16.2341875136812,15.6997076125771,14.9815780055032,14.8861006610676,..,..,..
"PM2.5 air pollution, mean annual exposure (micrograms per cubic meter)",EN.ATM.PM25.MC.M3,"Egypt, Arab Rep.",EGY,75.4752657772229,73.2643195363621,70.7863563763293,72.7905686134078,76.2136535433823,76.5596012593709,88.213387649317,88.1485004041084,86.9994520503272,..,..,..
"PM2.5 air pollution, mean annual exposure (micrograms per cubic meter)",EN.ATM.PM25.MC.M3,El Salvador,SLV,31.1262139570985,31.8525956008487,33.6282651306406,30.9339743457478,30.7598815703268,27.5025908405296,26.4747309242301,24.7364861051311,24.4722922946922,..,..,..
"PM2.5 air pollution, mean annual exposure (micrograms per cubic meter)",EN.ATM.PM25.MC.M3,Equatorial Guinea,GNQ,51.3694975035614,51.7396707873355,46.8525876680425,45.2323724738249,43.625793221705,44.3017996941434,52.6343705659511,54.5090301743264,53.2406210371101,..,..,..
"PM2.5 air pollution, mean annual exposure (micrograms per cubic meter)",EN.ATM.PM25.MC.M3,Eritrea,ERI,46.9213334012813,46.3729299444456,45.257446747847,46.1338464531175,47.6278159610427,44.3749462939633,49.8289121354914,48.6709366757583,48.0301986806015,..,..,..
"PM2.5 air pollution, mean annual exposure (micrograms per cubic meter)",EN.ATM.PM25.MC.M3,Estonia,EST,9.0519272829163,8.22738672799016,8.4425589185044,7.81069865135747,7.48281357819371,7.70555257158518,7.00372767300566,6.82144803091977,6.73212401545877,..,..,..
"PM2.5 air pollution, mean annual exposure (micrograms per cubic meter)",EN.ATM.PM25.MC.M3,Eswatini,SWZ,18.8321811069476,18.6685513132833,17.9733121326266,18.1823312998783,18.3078084897259,17.9787773888163,17.9248082623042,17.1485477608293,17.1687873115117,..,..,..
"PM2.5 air pollution, mean annual exposure (micrograms per cubic meter)",EN.ATM.PM25.MC.M3,Ethiopia,ETH,35.8007493213772,35.533966751733,36.3179419484047,35.9738421341538,35.8842053645556,35.0435974528957,38.8586046907177,39.245037575297,38.9787377576037,..,..,..
"PM2.5 air pollution, mean annual exposure (micrograms per cubic meter)",EN.ATM.PM25.MC.M3,Faroe Islands,FRO,..,..,..,..,..,..,..,..,..,..,..,..
"PM2.5 air pollution, mean annual exposure (micrograms per cubic meter)",EN.ATM.PM25.MC.M3,Fiji,FJI,13.066792326412,13.1384536345796,13.8364614155732,12.8520532804267,12.1446176115208,11.922892832693,11.6419451266411,11.0593431579204,10.8401599042944,..,..,..
"PM2.5 air pollution, mean annual exposure (micrograms per cubic meter)",EN.ATM.PM25.MC.M3,Finland,FIN,7.41271823125064,7.0938787105012,7.2836997083722,6.60113358101104,6.27868919797288,6.46863986777595,6.06383435276828,5.89375748255611,5.86133100081928,..,..,..
"PM2.5 air pollution, mean annual exposure (micrograms per cubic meter)",EN.ATM.PM25.MC.M3,France,FRA,15.8496672510963,14.7230179488876,14.8780192641266,13.8347537060109,13.594308697458,12.2897030738557,12.7457079788417,11.8551842173916,11.8149636162893,..,..,..
"PM2.5 air pollution, mean annual exposure (micrograms per cubic meter)",EN.ATM.PM25.MC.M3,French Polynesia,PYF,..,..,..,..,..,..,..,..,..,..,..,..
"PM2.5 air pollution, mean annual exposure (micrograms per cubic meter)",EN.ATM.PM25.MC.M3,Gabon,GAB,42.9152148056996,42.5891711549607,41.130283746481,40.8140906044353,40.7256625207587,41.3195696865853,44.095901169287,43.7206529110118,44.3855484644179,..,..,..
"PM2.5 air pollution, mean annual exposure (micrograms per cubic meter)",EN.ATM.PM25.MC.M3,"Gambia, The",GMB,35.293822715828,34.6008804779868,29.2649222274802,30.7290647814231,29.8046727294135,30.6218953906045,36.305380815934,32.6153020789616,33.9826385538147,..,..,..
"PM2.5 air pollution, mean annual exposure (micrograms per cubic meter)",EN.ATM.PM25.MC.M3,Georgia,GEO,26.5264859225456,25.2738010285681,26.7836033193883,25.0028492847035,23.9102035299856,22.9667074181246,24.2526462710274,21.8296361844605,22.1960546181194,..,..,..
"PM2.5 air pollution, mean annual exposure (micrograms per cubic meter)",EN.ATM.PM25.MC.M3,Germany,DEU,17.0165236362218,14.9039348791091,14.6642284358983,13.5776422635013,13.1919194625204,12.751220573963,12.8260975790022,11.9378111237007,12.028767360745,..,..,..
"PM2.5 air pollution, mean annual exposure (micrograms per cubic meter)",EN.ATM.PM25.MC.M3,Ghana,GHA,35.5949792165163,35.0372225856488,28.2116989719105,28.8974272304497,27.8153400599867,25.8895232969885,34.6819007108997,36.2526562184468,34.713514102152,..,..,..
"PM2.5 air pollution, mean annual exposure (micrograms per cubic meter)",EN.ATM.PM25.MC.M3,Gibraltar,GIB,..,..,..,..,..,..,..,..,..,..,..,..
"PM2.5 air pollution, mean annual exposure (micrograms per cubic meter)",EN.ATM.PM25.MC.M3,Greece,GRC,20.6429700693446,19.9186079613852,20.0015412410565,18.4207688970153,17.7794162811948,17.3650418530673,17.7405571123821,16.3289203019261,16.2182663806558,..,..,..
"PM2.5 air pollution, mean annual exposure (micrograms per cubic meter)",EN.ATM.PM25.MC.M3,Greenland,GRL,15.0768506431035,13.9570631293328,14.0966054370386,13.406690246438,12.7579675590739,12.5105477253304,11.7620395106561,11.5725048534886,11.6021794589767,..,..,..
"PM2.5 air pollution, mean annual exposure (micrograms per cubic meter)",EN.ATM.PM25.MC.M3,Grenada,GRD,27.7330572265924,27.4829002570838,28.1395152098183,26.4689184290542,25.8473081378986,24.287031132336,24.1627829320111,22.8886912438669,22.722687475907,..,..,..
"PM2.5 air pollution, mean annual exposure (micrograms per cubic meter)",EN.ATM.PM25.MC.M3,Guam,GUM,11.8160095581878,14.3141619171415,14.1035328975875,13.2423017791352,12.7887946066926,12.0225528939284,12.5317835244776,11.6517678363175,11.6344068102394,..,..,..
"PM2.5 air pollution, mean annual exposure (micrograms per cubic meter)",EN.ATM.PM25.MC.M3,Guatemala,GTM,29.5133191906085,31.0617274697009,31.727331220151,29.886258891543,30.0568240166434,26.5278554240981,25.0727261043936,23.7978287704417,24.0706489340746,..,..,..
"PM2.5 air pollution, mean annual exposure (micrograms per cubic meter)",EN.ATM.PM25.MC.M3,Guinea,GIN,24.6933728271794,24.0348745720142,22.4453593401815,22.98996508616,21.2585614517221,21.1966727514916,26.9428852443751,24.7777141675489,26.062490198745,..,..,..
"PM2.5 air pollution, mean annual exposure (micrograms per cubic meter)",EN.ATM.PM25.MC.M3,Guinea-Bissau,GNB,30.5891936920497,30.456884559574,27.3894399495695,27.0902178006452,26.5242072767871,26.9409597752744,31.7912720187334,29.5858677265365,29.774702280636,..,..,..
"PM2.5 air pollution, mean annual exposure (micrograms per cubic meter)",EN.ATM.PM25.MC.M3,Guyana,GUY,24.9462622146989,27.3909538414192,27.9294246551219,26.9012994219331,24.8555025747394,23.6482656909423,23.8878817398884,22.3714988127167,22.3755746295002,..,..,..
"PM2.5 air pollution, mean annual exposure (micrograms per cubic meter)",EN.ATM.PM25.MC.M3,Haiti,HTI,17.3037233061287,17.7797899894644,18.7579170327382,17.4802448836708,16.7670112301548,16.2622245622879,15.5402772992398,15.0864831283353,15.0198243767223,..,..,..
"PM2.5 air pollution, mean annual exposure (micrograms per cubic meter)",EN.ATM.PM25.MC.M3,Honduras,HND,27.1125722370902,27.5716252617668,28.9007471613905,27.4471493529279,27.684136114994,23.1615400770342,22.4061962210577,21.0869599195336,20.6288506487651,..,..,..
"PM2.5 air pollution, mean annual exposure (micrograms per cubic meter)",EN.ATM.PM25.MC.M3,"Hong Kong SAR, China",HKG,..,..,..,..,..,..,..,..,..,..,..,..
"PM2.5 air pollution, mean annual exposure (micrograms per cubic meter)",EN.ATM.PM25.MC.M3,Hungary,HUN,21.839861406381,18.9818496479973,19.3606900014513,17.5299600815167,17.2318311975083,16.315327931299,17.2321301407095,15.8853502449507,15.9260481922424,..,..,..
"PM2.5 air pollution, mean annual exposure (micrograms per cubic meter)",EN.ATM.PM25.MC.M3,Iceland,ISL,8.43009125773387,7.95455832075348,8.0988848456403,7.33692926005276,7.17120703542061,6.94889664637566,6.92796894093567,6.60765415986666,6.48114726265749,..,..,..
"PM2.5 air pollution, mean annual exposure (micrograms per cubic meter)",EN.ATM.PM25.MC.M3,India,IND,81.290630626305,84.1648061762591,97.5993786273197,88.1694405971172,91.8047916056206,89.6223826850868,89.3033342970921,89.6721769313919,90.8732104688993,..,..,..
"PM2.5 air pollution, mean annual exposure (micrograms per cubic meter)",EN.ATM.PM25.MC.M3,Indonesia,IDN,18.0528110079028,17.8773899840226,18.0496511685651,18.1701695058796,16.8791813214317,16.4546318303932,16.6402804220914,16.3841536261164,16.5026533008949,..,..,..
"PM2.5 air pollution, mean annual exposure (micrograms per cubic meter)",EN.ATM.PM25.MC.M3,"Iran, Islamic Rep.",IRN,38.0717391330874,38.4177773559272,38.0496892011374,38.5420524379153,38.1010920618742,38.1094930586652,39.6105323808912,38.8413024769421,38.9787602813703,..,..,..
"PM2.5 air pollution, mean annual exposure (micrograms per cubic meter)",EN.ATM.PM25.MC.M3,Iraq,IRQ,63.7165718350922,62.4579571789036,66.3626097948354,66.8420768713961,63.8026959133754,56.5670302701699,66.2650379118694,63.9547960734818,61.6362357139826,..,..,..
"PM2.5 air pollution, mean annual exposure (micrograms per cubic meter)",EN.ATM.PM25.MC.M3,Ireland,IRL,10.4050269154925,10.137776159398,10.2850793794786,9.5226919934039,9.36015363539288,8.75052153295896,8.67247345801117,8.27916334502299,8.20857673526837,..,..,..
"PM2.5 air pollution, mean annual exposure (micrograms per cubic meter)",EN.ATM.PM25.MC.M3,Isle of Man,IMN,..,..,..,..,..,..,..,..,..,..,..,..
"PM2.5 air pollution, mean annual exposure (micrograms per cubic meter)",EN.ATM.PM25.MC.M3,Israel,ISR,24.8105273227812,24.5036241102841,23.9046867298164,23.0388490417398,22.9463302247926,22.059146877031,22.7797826960554,20.7657015101267,21.3811022400146,..,..,..
"PM2.5 air pollution, mean annual exposure (micrograms per cubic meter)",EN.ATM.PM25.MC.M3,Italy,ITA,21.3197295060788,19.77733480997,19.9942667134105,18.1052474138721,17.7577224420873,17.7692708430857,17.8914451733507,16.4903737381422,16.7507119446607,..,..,..
"PM2.5 air pollution, mean annual exposure (micrograms per cubic meter)",EN.ATM.PM25.MC.M3,Jamaica,JAM,15.9538645182646,15.8938163234463,16.5424989128284,15.460470971142,14.9313997463287,14.0743316940445,14.1766593040773,13.3959632146505,13.4041505299481,..,..,..
"PM2.5 air pollution, mean annual exposure (micrograms per cubic meter)",EN.ATM.PM25.MC.M3,Japan,JPN,14.4163595545083,14.2096257576469,14.1410310457415,13.1288723322631,13.3625583290009,12.5866169217069,12.6874597254807,11.6239225879707,11.7047781866642,..,..,..
"PM2.5 air pollution, mean annual exposure (micrograms per cubic meter)",EN.ATM.PM25.MC.M3,Jordan,JOR,35.3431170736834,33.5114447425311,33.0172614819677,33.016935240002,33.4176107170105,33.2054205808405,34.3054492603006,33.1766166765665,33.0060811782318,..,..,..
"PM2.5 air pollution, mean annual exposure (micrograms per cubic meter)",EN.ATM.PM25.MC.M3,Kazakhstan,KAZ,16.8702518894605,15.9447646874067,15.2438354580009,14.4810376792648,14.5985643001037,13.7497535098887,14.3848020757534,13.0844384590464,13.8242883553909,..,..,..
"PM2.5 air pollution, mean annual exposure (micrograms per cubic meter)",EN.ATM.PM25.MC.M3,Kenya,KEN,28.5475520866466,28.3854987141169,28.6628846564177,29.3722798810718,28.935345281859,28.9493501305453,28.5362801707429,28.5833772684375,28.5783742715702,..,..,..
"PM2.5 air pollution, mean annual exposure (micrograms per cubic meter)",EN.ATM.PM25.MC.M3,Kiribati,KIR,13.1150909094946,13.5219648167498,13.3581546281934,12.5942317471521,12.3252975115718,11.393742324751,11.5143184739666,10.5378392607494,10.6408558565694,..,..,..
"PM2.5 air pollution, mean annual exposure (micrograms per cubic meter)",EN.ATM.PM25.MC.M3,"Korea, Dem. People’s Rep.",PRK,38.4530651416047,38.1620577505501,38.8933687936219,36.4075144608111,37.1348558556884,35.2402154048664,37.4117838122761,31.7584241459447,32.0074516237453,..,..,..
"PM2.5 air pollution, mean annual exposure (micrograms per cubic meter)",EN.ATM.PM25.MC.M3,"Korea, Rep.",KOR,29.3310217248387,29.7654692874653,29.6811945427748,27.9159525934896,29.4619172924269,27.213110366846,28.2142436983443,25.0985406710754,25.0394253880491,..,..,..
"PM2.5 air pollution, mean annual exposure (micrograms per cubic meter)",EN.ATM.PM25.MC.M3,Kosovo,XKX,..,..,..,..,..,..,..,..,..,..,..,..
"PM2.5 air pollution, mean annual exposure (micrograms per cubic meter)",EN.ATM.PM25.MC.M3,Kuwait,KWT,60.5558484293573,61.4819941263873,62.8254067689188,64.0709110320823,62.6113089500655,55.6239042186464,65.4060771533847,60.8438516114848,60.7451595380732,..,..,..
"PM2.5 air pollution, mean annual exposure (micrograms per cubic meter)",EN.ATM.PM25.MC.M3,Kyrgyz Republic,KGZ,26.1565983395027,27.0802196511235,27.5176020670984,25.4898325225044,25.4403553355173,23.2981915317797,24.3447355085737,23.1955557988726,22.737768057102,..,..,..
"PM2.5 air pollution, mean annual exposure (micrograms per cubic meter)",EN.ATM.PM25.MC.M3,Lao PDR,LAO,26.5362993009824,27.5450676416411,29.66966026439,30.2974181215728,30.2594893800224,28.3901717699066,26.1394887557268,25.8010180506144,25.1095383439169,..,..,..
"PM2.5 air pollution, mean annual exposure (micrograms per cubic meter)",EN.ATM.PM25.MC.M3,Latvia,LVA,19.023419129062,16.7199663818264,16.5726762974112,15.5985597314542,14.8843081927737,14.8790851015574,13.9682016010363,13.4474719656857,13.4264575158321,..,..,..
"PM2.5 air pollution, mean annual exposure (micrograms per cubic meter)",EN.ATM.PM25.MC.M3,Lebanon,LBN,30.3422040621421,30.6142069307194,30.0691074674322,30.1080518825115,30.5880976678273,30.4445669154066,31.2292952792499,30.1718686534216,30.6211105076066,..,..,..
"PM2.5 air pollution, mean annual exposure (micrograms per cubic meter)",EN.ATM.PM25.MC.M3,Lesotho,LSO,30.7037435160257,31.4901467611507,31.354741200959,31.2132430668143,32.1486978248978,33.0801026085265,30.8849770749962,28.336833347013,28.0286535158261,..,..,..
"PM2.5 air pollution, mean annual exposure (micrograms per cubic meter)",EN.ATM.PM25.MC.M3,Liberia,LBR,17.1234290343531,17.2531433089766,16.1470515146786,16.2882074675395,15.3828573189857,14.9422707148045,18.2128041772757,17.8867783575334,17.9841124551525,..,..,..
"PM2.5 air pollution, mean annual exposure (micrograms per cubic meter)",EN.ATM.PM25.MC.M3,Libya,LBY,45.0634869156149,46.2551737325278,44.6317339618723,44.9113634964278,49.2794823011025,47.5012339070023,51.532640142751,52.1292063023789,54.2546817939319,..,..,..
"PM2.5 air pollution, mean annual exposure (micrograms per cubic meter)",EN.ATM.PM25.MC.M3,Liechtenstein,LIE,..,..,..,..,..,..,..,..,..,..,..,..
"PM2.5 air pollution, mean annual exposure (micrograms per cubic meter)",EN.ATM.PM25.MC.M3,Lithuania,LTU,16.3981016312604,14.4281322996236,14.5096827826087,13.7845246764453,12.9811920279357,12.8451942490357,12.4550351176554,11.8216155823441,11.8532823587456,..,..,..
"PM2.5 air pollution, mean annual exposure (micrograms per cubic meter)",EN.ATM.PM25.MC.M3,Luxembourg,LUX,13.6944621422709,12.5695663507563,12.6859956830904,11.775576091494,11.6053841041329,10.8576133871579,11.0066546456162,10.3119812903207,10.3646374004433,..,..,..
"PM2.5 air pollution, mean annual exposure (micrograms per cubic meter)",EN.ATM.PM25.MC.M3,"Macao SAR, China",MAC,..,..,..,..,..,..,..,..,..,..,..,..
"PM2.5 air pollution, mean annual exposure (micrograms per cubic meter)",EN.ATM.PM25.MC.M3,Madagascar,MDG,22.2735600700963,21.8724009014846,23.3628596300298,22.7164252696355,23.9091617576006,23.5177666594104,22.9504011733128,22.8957082367924,22.5422828750867,..,..,..
"PM2.5 air pollution, mean annual exposure (micrograms per cubic meter)",EN.ATM.PM25.MC.M3,Malawi,MWI,26.4690293625451,26.142085677818,25.1650089099494,25.7384015112371,24.6834787826944,25.1982288421354,24.5374293154571,23.09261541974,23.5659214726087,..,..,..
"PM2.5 air pollution, mean annual exposure (micrograms per cubic meter)",EN.ATM.PM25.MC.M3,Malaysia,MYS,17.2944493749232,18.0761694613831,19.2026086891022,19.1822224966315,17.5544470410197,16.9231552895486,17.4409102345714,15.7512861853909,16.0358087060705,..,..,..
"PM2.5 air pollution, mean annual exposure (micrograms per cubic meter)",EN.ATM.PM25.MC.M3,Maldives,MDV,11.4329194320145,11.0895325411061,11.7896346168776,11.157482296676,10.5696792829898,9.92123086269363,9.37394394034018,7.97242892539597,7.79582079890031,..,..,..
"PM2.5 air pollution, mean annual exposure (micrograms per cubic meter)",EN.ATM.PM25.MC.M3,Mali,MLI,41.5287682468365,39.8000553810856,35.1416443704817,34.7002262985862,32.3068233785002,33.9161157355481,41.9269276620876,38.4803952758705,38.5266061638458,..,..,..
"PM2.5 air pollution, mean annual exposure (micrograms per cubic meter)",EN.ATM.PM25.MC.M3,Malta,MLT,16.8548707840013,16.5349455967171,16.6443039756523,15.3971609505622,15.2819442224028,14.4354035652968,14.7224625413325,13.8113944414722,13.9095433663149,..,..,..
"PM2.5 air pollution, mean annual exposure (micrograms per cubic meter)",EN.ATM.PM25.MC.M3,Marshall Islands,MHL,13.0635947389454,13.043411924331,12.9321705662685,12.1235335768639,11.8743885912056,11.0702201813227,10.8376684557803,10.1520019917668,10.2413322193799,..,..,..
"PM2.5 air pollution, mean annual exposure (micrograms per cubic meter)",EN.ATM.PM25.MC.M3,Mauritania,MRT,50.0683203580571,48.8602511574,40.0431449678531,42.3435116948771,40.2157915543989,43.1107840801081,49.4982559159922,46.6675877179291,47.4229917763898,..,..,..
"PM2.5 air pollution, mean annual exposure (micrograms per cubic meter)",EN.ATM.PM25.MC.M3,Mauritius,MUS,15.7729298061294,15.3980383595153,15.201701650388,15.2458559630192,15.5561765052019,15.292648228244,14.4419557943839,14.3463794699888,14.4578273223582,..,..,..
"PM2.5 air pollution, mean annual exposure (micrograms per cubic meter)",EN.ATM.PM25.MC.M3,Mexico,MEX,23.5165578230472,26.7791821594009,27.7412967942738,25.9816588282646,25.4490896722485,23.0996897467602,22.132995848429,20.7068285436195,20.9211157874081,..,..,..
"PM2.5 air pollution, mean annual exposure (micrograms per cubic meter)",EN.ATM.PM25.MC.M3,"Micronesia, Fed. Sts.",FSM,14.0109821606292,14.1244844726363,13.7316520963357,12.97443871936,12.7425153346975,11.8668688547721,11.7259846518341,11.134511068424,11.2833994444834,..,..,..
"PM2.5 air pollution, mean annual exposure (micrograms per cubic meter)",EN.ATM.PM25.MC.M3,Moldova,MDA,22.8450523555842,19.5811008296464,19.9248681713194,18.4092847429465,17.4323997316397,16.7264610493413,17.0791395944169,16.3637975396712,16.2510327081515,..,..,..
"PM2.5 air pollution, mean annual exposure (micrograms per cubic meter)",EN.ATM.PM25.MC.M3,Monaco,MCO,..,..,..,..,..,..,..,..,..,..,..,..
"PM2.5 air pollution, mean annual exposure (micrograms per cubic meter)",EN.ATM.PM25.MC.M3,Mongolia,MNG,37.9155369415176,39.0325266631287,45.3601700534193,42.6543747997741,42.3213112697226,39.2951400589356,42.5146498752954,38.2228171120005,40.1128490470476,..,..,..
"PM2.5 air pollution, mean annual exposure (micrograms per cubic meter)",EN.ATM.PM25.MC.M3,Montenegro,MNE,28.5990887683106,26.0012462316455,26.6292238814068,24.680302894442,23.2742259885772,21.9470516779019,22.559691291127,20.9240513696113,20.7818135501738,..,..,..
"PM2.5 air pollution, mean annual exposure (micrograms per cubic meter)",EN.ATM.PM25.MC.M3,Morocco,MAR,30.2554917779452,30.9674483228804,29.2665642608242,27.7902835753525,29.2595191342993,29.949449987403,31.4400869131751,32.9353742281018,32.5935414574286,..,..,..
"PM2.5 air pollution, mean annual exposure (micrograms per cubic meter)",EN.ATM.PM25.MC.M3,Mozambique,MOZ,23.3828576908264,22.6862709176142,22.6090715027632,22.8676010888595,22.6361599911726,22.614164139078,21.9058819392491,21.4718255446508,21.2986954591341,..,..,..
"PM2.5 air pollution, mean annual exposure (micrograms per cubic meter)",EN.ATM.PM25.MC.M3,Myanmar,MMR,39.8094739213574,39.3616530238531,43.6199034673322,42.5228123967659,42.8828694393185,40.2889685436423,38.5137820514634,36.0337009997213,35.5574529190767,..,..,..
"PM2.5 air pollution, mean annual exposure (micrograms per cubic meter)",EN.ATM.PM25.MC.M3,Namibia,NAM,28.7497896475675,27.4338185640076,27.0101545145848,26.7987080593328,27.0928160862187,26.018121530434,26.9100167290608,25.5521419603331,25.3587653984573,..,..,..
"PM2.5 air pollution, mean annual exposure (micrograms per cubic meter)",EN.ATM.PM25.MC.M3,Nauru,NRU,..,..,..,..,..,..,..,..,..,..,..,..
"PM2.5 air pollution, mean annual exposure (micrograms per cubic meter)",EN.ATM.PM25.MC.M3,Nepal,NPL,87.5984547699771,88.9430216973703,100.76606073329,96.9632914938447,95.3139856059124,98.1160165651258,96.2527681803085,98.0547140291436,99.7343737198505,..,..,..
"PM2.5 air pollution, mean annual exposure (micrograms per cubic meter)",EN.ATM.PM25.MC.M3,Netherlands,NLD,16.4694030038209,14.9286800929182,14.9881386449491,13.8124137319952,13.0431451072111,12.8287970698324,12.9321051473865,12.0252427817461,12.0344080729237,..,..,..
"PM2.5 air pollution, mean annual exposure (micrograms per cubic meter)",EN.ATM.PM25.MC.M3,New Caledonia,NCL,..,..,..,..,..,..,..,..,..,..,..,..
"PM2.5 air pollution, mean annual exposure (micrograms per cubic meter)",EN.ATM.PM25.MC.M3,New Zealand,NZL,7.14383141839905,7.16228849792864,7.42069643508215,6.83583564036925,6.78188555133455,6.35790351165964,6.33043381042598,5.98736315407452,5.95600112941562,..,..,..
"PM2.5 air pollution, mean annual exposure (micrograms per cubic meter)",EN.ATM.PM25.MC.M3,Nicaragua,NIC,22.6001597616044,23.0534073979373,22.4795201525219,22.3527116058236,21.9290757507362,19.3877213369292,18.5691327681799,17.7277291001204,17.6141804489581,..,..,..
"PM2.5 air pollution, mean annual exposure (micrograms per cubic meter)",EN.ATM.PM25.MC.M3,Niger,NER,90.5963683686416,87.5067626629728,72.9827667766753,72.5446445866735,63.0317172477813,60.5413572217851,87.2812820121852,87.7084720087946,94.0538176774282,..,..,..
"PM2.5 air pollution, mean annual exposure (micrograms per cubic meter)",EN.ATM.PM25.MC.M3,Nigeria,NGA,72.1255759681486,67.5543284950873,50.9730892257392,56.1296377006339,49.7406889360452,48.6333736074304,75.3989918741326,71.3696010012744,71.7981743753326,..,..,..
"PM2.5 air pollution, mean annual exposure (micrograms per cubic meter)",EN.ATM.PM25.MC.M3,North Macedonia,MKD,41.87047580668,36.3982167041329,38.0831194984498,34.6578145508319,32.0150486303937,31.7905412343844,31.9759891398985,29.5932690733309,29.7269445083568,..,..,..
"PM2.5 air pollution, mean annual exposure (micrograms per cubic meter)",EN.ATM.PM25.MC.M3,Northern Mariana Islands,MNP,11.4149011946832,12.181242110816,12.1996265682633,11.439996106666,10.9650202104021,10.3134722014537,10.3977120442677,9.91775575020142,9.89298112932514,..,..,..
"PM2.5 air pollution, mean annual exposure (micrograms per cubic meter)",EN.ATM.PM25.MC.M3,Norway,NOR,8.99538040225903,8.66886615510985,8.85351078083279,7.92528124081567,7.63367482383289,7.67089592652719,7.24277533614087,6.9594573295062,6.95651980294718,..,..,..
"PM2.5 air pollution, mean annual exposure (micrograms per cubic meter)",EN.ATM.PM25.MC.M3,Oman,OMN,40.1876456337459,39.8552891565221,39.1037948242344,40.7332834838239,41.0527687017356,37.7108805090437,42.6275897249065,41.7821918143802,41.1152382655137,..,..,..
"PM2.5 air pollution, mean annual exposure (micrograms per cubic meter)",EN.ATM.PM25.MC.M3,Pakistan,PAK,60.3346590093864,61.1060274855453,68.5449356079429,62.376646285051,61.0221628714855,59.5183627105334,60.085892907291,58.6327639272856,58.2824187715197,..,..,..
"PM2.5 air pollution, mean annual exposure (micrograms per cubic meter)",EN.ATM.PM25.MC.M3,Palau,PLW,..,..,..,..,..,..,..,..,..,..,..,..
"PM2.5 air pollution, mean annual exposure (micrograms per cubic meter)",EN.ATM.PM25.MC.M3,Panama,PAN,13.1275457076524,14.3830143077584,14.2960389925591,13.9723665117281,13.3978705006529,12.9216151340018,12.4907439402203,11.4655474228093,11.4000543321554,..,..,..
"PM2.5 air pollution, mean annual exposure (micrograms per cubic meter)",EN.ATM.PM25.MC.M3,Papua New Guinea,PNG,15.1262993833579,14.75156314807,15.5190338310274,14.6065331586861,13.9526279259945,13.2452982255431,13.2617261015842,12.615055986926,12.2944182563739,..,..,..
"PM2.5 air pollution, mean annual exposure (micrograms per cubic meter)",EN.ATM.PM25.MC.M3,Paraguay,PRY,14.0236170740715,14.2130862779441,14.598118548124,13.9483061467426,12.9265692829268,12.6410754978609,13.0380740210492,11.649322480578,11.9090808488171,..,..,..
"PM2.5 air pollution, mean annual exposure (micrograms per cubic meter)",EN.ATM.PM25.MC.M3,Peru,PER,28.5209379640834,30.2736625331581,31.5711656864502,30.4944558314919,29.74308640988,27.5826726016016,26.0372679333249,25.542746040526,24.786728048654,..,..,..
"PM2.5 air pollution, mean annual exposure (micrograms per cubic meter)",EN.ATM.PM25.MC.M3,Philippines,PHL,22.1160359991943,22.2038970281349,22.7548344688727,22.5495836082338,21.2162877744006,20.2595871582438,19.5815420172425,18.2269283448922,18.0697989132741,..,..,..
"PM2.5 air pollution, mean annual exposure (micrograms per cubic meter)",EN.ATM.PM25.MC.M3,Poland,POL,30.1994289871968,25.8221858192988,26.3725070743675,24.2639773905809,22.9287236968437,22.2108917899162,22.6913180516458,20.9757678975963,20.8778222190899,..,..,..
"PM2.5 air pollution, mean annual exposure (micrograms per cubic meter)",EN.ATM.PM25.MC.M3,Portugal,PRT,10.1405309254684,10.1236926240404,10.3550126282855,9.48480279892085,9.432044129311,8.78479288950989,8.8232834347333,8.05276368617927,8.16075224791735,..,..,..
"PM2.5 air pollution, mean annual exposure (micrograms per cubic meter)",EN.ATM.PM25.MC.M3,Puerto Rico,PRI,8.2381912599283,10.4360023979884,10.5794061082171,9.96624444983323,9.70375413608891,9.08922771683943,8.92091028712799,8.34287125794032,8.34903333944518,..,..,..
"PM2.5 air pollution, mean annual exposure (micrograms per cubic meter)",EN.ATM.PM25.MC.M3,Qatar,QAT,91.6363886567687,83.5353280608455,81.2730055002605,89.2469712776012,88.8905150284335,78.8328403496723,94.4038911899951,88.222446516612,91.1873279323164,..,..,..
"PM2.5 air pollution, mean annual exposure (micrograms per cubic meter)",EN.ATM.PM25.MC.M3,Romania,ROU,20.3192636708037,17.6967403883824,17.6367546388193,16.3158453881701,15.3693093546066,15.0064954603087,15.4335552567127,14.5370628442541,14.6113401886611,..,..,..
"PM2.5 air pollution, mean annual exposure (micrograms per cubic meter)",EN.ATM.PM25.MC.M3,Russian Federation,RUS,21.2233466140548,19.0540371000316,19.1915108278417,18.3043384127269,17.795070551186,16.5821629520409,17.019191199828,16.2198897101318,16.1602238064949,..,..,..
"PM2.5 air pollution, mean annual exposure (micrograms per cubic meter)",EN.ATM.PM25.MC.M3,Rwanda,RWA,45.5270129936232,43.4816891203054,42.6809593723863,44.5608962410599,44.4115850805418,42.2114874390308,42.6144897076476,42.8438020857142,43.2102171630293,..,..,..
"PM2.5 air pollution, mean annual exposure (micrograms per cubic meter)",EN.ATM.PM25.MC.M3,Samoa,WSM,14.3112500592923,14.3204704441505,14.6930960894409,13.6278823870368,13.3825220845194,12.6435599879878,12.3217957167303,11.3662982193006,11.5480270054414,..,..,..
"PM2.5 air pollution, mean annual exposure (micrograms per cubic meter)",EN.ATM.PM25.MC.M3,San Marino,SMR,..,..,..,..,..,..,..,..,..,..,..,..
"PM2.5 air pollution, mean annual exposure (micrograms per cubic meter)",EN.ATM.PM25.MC.M3,Sao Tome and Principe,STP,30.4490444560876,30.3119009909877,27.8602440163351,25.9158433729757,27.6588166567707,27.8623018944269,28.4320935154221,28.6665385958683,28.5395843568146,..,..,..
"PM2.5 air pollution, mean annual exposure (micrograms per cubic meter)",EN.ATM.PM25.MC.M3,Saudi Arabia,SAU,70.573068567725,79.0755260032832,82.4190319131165,85.5133031126929,83.6309922296027,75.6084406242497,97.4322890015585,84.4657750507762,87.9454466778152,..,..,..
"PM2.5 air pollution, mean annual exposure (micrograms per cubic meter)",EN.ATM.PM25.MC.M3,Senegal,SEN,41.0165028352281,41.3530458515774,35.9353995164773,36.1677559631685,34.0182248963568,36.8268377611949,44.3408007163737,38.6949465453589,40.6958258953758,..,..,..
"PM2.5 air pollution, mean annual exposure (micrograms per cubic meter)",EN.ATM.PM25.MC.M3,Serbia,SRB,31.4151643715138,29.2239703098701,31.0340277616719,28.5847483987261,27.4307859103552,26.4920725503352,26.9543778931131,24.7806216220559,24.7263581904237,..,..,..
"PM2.5 air pollution, mean annual exposure (micrograms per cubic meter)",EN.ATM.PM25.MC.M3,Seychelles,SYC,21.7973600129121,21.6475202829498,21.6103580524095,21.4953351062009,20.969736916773,20.9705174735211,20.0535949646053,20.4038244614002,20.1786493605547,..,..,..
"PM2.5 air pollution, mean annual exposure (micrograms per cubic meter)",EN.ATM.PM25.MC.M3,Sierra Leone,SLE,20.7326476311265,20.5068703324924,18.7431558075717,20.1012941730483,18.4356667921992,17.6982322246576,22.5285979320816,21.3439323254655,21.6259466795766,..,..,..
"PM2.5 air pollution, mean annual exposure (micrograms per cubic meter)",EN.ATM.PM25.MC.M3,Singapore,SGP,18.7242430477283,19.3231850200122,19.3494207847786,20.8864930052328,18.7070714753966,17.4088770481754,20.6633894704335,18.7978026216798,19.0782564997534,..,..,..
"PM2.5 air pollution, mean annual exposure (micrograms per cubic meter)",EN.ATM.PM25.MC.M3,Sint Maarten (Dutch part),SXM,..,..,..,..,..,..,..,..,..,..,..,..
"PM2.5 air pollution, mean annual exposure (micrograms per cubic meter)",EN.ATM.PM25.MC.M3,Slovak Republic,SVK,24.9534363519868,21.7239994007575,21.7671985081086,19.76493292649,19.3154926795452,18.3041816056837,18.8026456986509,17.3536626389673,17.5629113438527,..,..,..
"PM2.5 air pollution, mean annual exposure (micrograms per cubic meter)",EN.ATM.PM25.MC.M3,Slovenia,SVN,22.2711479948821,19.1340469812576,19.5141378986477,17.6700790587538,17.571378638363,16.6327007392783,17.1281519193227,15.9127372679797,16.0239799760869,..,..,..
"PM2.5 air pollution, mean annual exposure (micrograms per cubic meter)",EN.ATM.PM25.MC.M3,Solomon Islands,SLB,13.7617355309177,13.8669543359551,14.3753733078393,13.4302449262841,12.5532549641069,12.1720308222061,12.6996955537759,11.8306891531226,11.8791218449166,..,..,..
"PM2.5 air pollution, mean annual exposure (micrograms per cubic meter)",EN.ATM.PM25.MC.M3,Somalia,SOM,31.7359846431634,31.3859892774933,31.230155808806,31.5871049510291,29.5515725965593,30.4010806672921,32.0183924316105,31.751746079705,32.0345842282344,..,..,..
"PM2.5 air pollution, mean annual exposure (micrograms per cubic meter)",EN.ATM.PM25.MC.M3,South Africa,ZAF,26.1202027888728,26.6737987761488,26.5578732193421,26.5770866160343,26.7292617098656,26.7222123827965,26.1129717663698,25.140416135095,25.1022049863671,..,..,..
"PM2.5 air pollution, mean annual exposure (micrograms per cubic meter)",EN.ATM.PM25.MC.M3,South Sudan,SSD,46.2393620878641,44.1015886546911,45.1014724085413,43.9740586353133,42.6420012133163,41.9005603291223,47.7680316917478,44.8465719894277,45.5775055664158,..,..,..
"PM2.5 air pollution, mean annual exposure (micrograms per cubic meter)",EN.ATM.PM25.MC.M3,Spain,ESP,12.2113225321338,11.7742086288483,12.0379978900659,11.1496233247265,10.7425820621415,10.0745888305866,10.4491024094856,9.7041385528968,9.69792786284953,..,..,..
"PM2.5 air pollution, mean annual exposure (micrograms per cubic meter)",EN.ATM.PM25.MC.M3,Sri Lanka,LKA,29.7685035277314,30.8557617958077,31.2320746594978,30.0839728276573,28.8982276934103,26.922776520838,25.3373437134075,14.0254452300692,11.0996172423996,..,..,..
"PM2.5 air pollution, mean annual exposure (micrograms per cubic meter)",EN.ATM.PM25.MC.M3,St. Kitts and Nevis,KNA,..,..,..,..,..,..,..,..,..,..,..,..
"PM2.5 air pollution, mean annual exposure (micrograms per cubic meter)",EN.ATM.PM25.MC.M3,St. Lucia,LCA,26.7119852729018,27.0961331529874,28.0786559337834,26.3674847803291,25.4448016753621,24.2363025921188,24.2832396784077,22.3533992625413,22.4008171246298,..,..,..
"PM2.5 air pollution, mean annual exposure (micrograms per cubic meter)",EN.ATM.PM25.MC.M3,St. Martin (French part),MAF,..,..,..,..,..,..,..,..,..,..,..,..
"PM2.5 air pollution, mean annual exposure (micrograms per cubic meter)",EN.ATM.PM25.MC.M3,St. Vincent and the Grenadines,VCT,27.164538788044,26.957932332641,27.5828102182175,25.7540788170391,24.7621800469285,23.0309320634118,23.473171475819,22.0765517679464,22.2005163158424,..,..,..
"PM2.5 air pollution, mean annual exposure (micrograms per cubic meter)",EN.ATM.PM25.MC.M3,Sudan,SDN,51.1436262510584,49.4280769322668,51.1524272650257,49.6859389496409,48.0281449098708,48.1417421817524,58.90478572979,54.1472763328094,55.3708344433937,..,..,..
"PM2.5 air pollution, mean annual exposure (micrograms per cubic meter)",EN.ATM.PM25.MC.M3,Suriname,SUR,29.993100160344,29.0258930084421,31.0387218254506,29.1336100996656,28.8083168512629,25.9988471344265,25.9732844003894,25.3169781742601,24.7800105357684,..,..,..
"PM2.5 air pollution, mean annual exposure (micrograms per cubic meter)",EN.ATM.PM25.MC.M3,Sweden,SWE,7.94753230618227,7.57800897993321,7.39122133078057,6.62794199639198,6.43116889724868,6.95919768148881,6.3224983333038,6.11425846205904,6.18466509039924,..,..,..
"PM2.5 air pollution, mean annual exposure (micrograms per cubic meter)",EN.ATM.PM25.MC.M3,Switzerland,CHE,14.2283726553172,12.6907640595053,13.0492212150514,12.2613880127188,11.8200549924358,11.3891071872707,11.1652546798053,10.3426304652567,10.3031001048906,..,..,..
"PM2.5 air pollution, mean annual exposure (micrograms per cubic meter)",EN.ATM.PM25.MC.M3,Syrian Arab Republic,SYR,46.7179457466901,41.5563060331627,41.1249528529788,41.0168387679648,41.9149681857657,41.5344806649803,44.3139085391853,43.7025528370589,43.7572594654519,..,..,..
"PM2.5 air pollution, mean annual exposure (micrograms per cubic meter)",EN.ATM.PM25.MC.M3,Tajikistan,TJK,50.9879002782416,51.1826625170951,54.3199610005851,48.9896035498359,49.5531376278516,46.4808292331015,47.7929735253412,43.3777093097298,46.1521853683313,..,..,..
"PM2.5 air pollution, mean annual exposure (micrograms per cubic meter)",EN.ATM.PM25.MC.M3,Tanzania,TZA,29.8616457154657,28.9736974571626,28.7287686561828,29.9698447842678,29.3596329916386,28.8737159172738,28.2404487002399,28.4435696851152,29.0766405124356,..,..,..
"PM2.5 air pollution, mean annual exposure (micrograms per cubic meter)",EN.ATM.PM25.MC.M3,Thailand,THA,30.831621901665,30.960351037569,31.6096292267502,31.5253146391928,31.1747236421131,29.3646411417554,27.3445669175507,26.2580546688876,26.2567265583447,..,..,..
"PM2.5 air pollution, mean annual exposure (micrograms per cubic meter)",EN.ATM.PM25.MC.M3,Timor-Leste,TLS,23.0565791937464,23.501297460759,23.7567186728767,22.466623820335,21.9646230247835,20.4501004719774,20.6231867102188,20.0179026487465,19.2572091668723,..,..,..
"PM2.5 air pollution, mean annual exposure (micrograms per cubic meter)",EN.ATM.PM25.MC.M3,Togo,TGO,38.1147903371764,37.6858556816475,30.8548062654159,31.369209585774,29.5659277539709,28.9362914635165,38.3568210142304,37.0511073380212,35.7313356081261,..,..,..
"PM2.5 air pollution, mean annual exposure (micrograms per cubic meter)",EN.ATM.PM25.MC.M3,Tonga,TON,13.1678227937349,12.7985712702709,13.5170884031082,12.4381711052992,12.1477133941036,12.0576399597663,11.3129678224807,10.9514237639018,10.7854788558585,..,..,..
"PM2.5 air pollution, mean annual exposure (micrograms per cubic meter)",EN.ATM.PM25.MC.M3,Trinidad and Tobago,TTO,28.87598896114,28.7940609951208,29.8516248658623,27.9425046745525,27.1587390137481,24.8558422647213,24.8980769004058,24.2304806866786,24.1085684320503,..,..,..
"PM2.5 air pollution, mean annual exposure (micrograms per cubic meter)",EN.ATM.PM25.MC.M3,Tunisia,TUN,35.9496326786172,35.6025268301478,33.868352123867,32.8158055685594,35.6541446567615,34.6920588293701,36.3042493154485,38.4504907656484,37.6559937453942,..,..,..
"PM2.5 air pollution, mean annual exposure (micrograms per cubic meter)",EN.ATM.PM25.MC.M3,Turkey,TUR,42.5988219035615,42.6925247819659,40.545108814482,41.9209189206504,42.0625831070393,42.5957712131171,45.401555600474,44.4827583861495,44.3115256776956,..,..,..
"PM2.5 air pollution, mean annual exposure (micrograms per cubic meter)",EN.ATM.PM25.MC.M3,Turkmenistan,TKM,25.3013446687502,25.4715553056238,25.4960994188935,23.8020100507056,23.7218898034341,22.0849068628754,22.970540023371,21.7411222830224,21.767720976212,..,..,..
"PM2.5 air pollution, mean annual exposure (micrograms per cubic meter)",EN.ATM.PM25.MC.M3,Turks and Caicos Islands,TCA,..,..,..,..,..,..,..,..,..,..,..,..
"PM2.5 air pollution, mean annual exposure (micrograms per cubic meter)",EN.ATM.PM25.MC.M3,Tuvalu,TUV,..,..,..,..,..,..,..,..,..,..,..,..
"PM2.5 air pollution, mean annual exposure (micrograms per cubic meter)",EN.ATM.PM25.MC.M3,Uganda,UGA,47.8748395814397,46.0289068200291,47.0611681733569,49.6267295806679,47.7211587100761,46.9305668478487,48.9493601875095,51.9441066081447,50.4943213226178,..,..,..
"PM2.5 air pollution, mean annual exposure (micrograms per cubic meter)",EN.ATM.PM25.MC.M3,Ukraine,UKR,28.3095472536609,24.1579129430659,23.9711035856442,22.328793300204,21.5323994958141,20.4868952169552,21.2464545745711,20.618187002536,20.3097758188675,..,..,..
"PM2.5 air pollution, mean annual exposure (micrograms per cubic meter)",EN.ATM.PM25.MC.M3,United Arab Emirates,ARE,39.8246286943079,39.6988005156856,39.1934300995497,39.2771281064554,39.6081550984834,37.9834210633454,42.3349899976744,40.5221034836171,40.9175098248731,..,..,..
"PM2.5 air pollution, mean annual exposure (micrograms per cubic meter)",EN.ATM.PM25.MC.M3,United Kingdom,GBR,13.5081867090275,12.6182292780151,12.8479990077242,11.8144949443403,11.6189014883647,10.8005597817762,10.754872868114,10.5046668416263,10.4726903888942,..,..,..
"PM2.5 air pollution, mean annual exposure (micrograms per cubic meter)",EN.ATM.PM25.MC.M3,United States,USA,9.70166727025227,9.52513800350703,9.74064060739435,9.00316336976139,8.73477721104189,8.22072031896057,8.06392022206544,7.40646408863749,7.40944166188307,..,..,..
"PM2.5 air pollution, mean annual exposure (micrograms per cubic meter)",EN.ATM.PM25.MC.M3,Uruguay,URY,10.8707002008284,11.3670822951972,11.4687321965346,10.567294595868,10.4556055926595,9.92681615870071,9.65945431955535,9.19744111874605,9.27488332030728,..,..,..
"PM2.5 air pollution, mean annual exposure (micrograms per cubic meter)",EN.ATM.PM25.MC.M3,Uzbekistan,UZB,35.9025766233094,31.9363452198741,33.9938369625544,31.6621060982859,30.8051935561508,28.9000360999306,30.3943318987226,27.8143471035038,28.455901201856,..,..,..
"PM2.5 air pollution, mean annual exposure (micrograms per cubic meter)",EN.ATM.PM25.MC.M3,Vanuatu,VUT,13.6705503558058,14.0665460882914,14.3829640193688,13.2424523853195,12.740692894229,11.9338516831532,12.1572100060446,11.5909089578251,11.6527770296143,..,..,..
"PM2.5 air pollution, mean annual exposure (micrograms per cubic meter)",EN.ATM.PM25.MC.M3,"Venezuela, RB",VEN,21.4571592760405,21.6102820224244,22.0331079235481,21.2457275263826,20.4289497348793,19.1040615270029,18.3030057440313,16.7679938389734,17.0085535697031,..,..,..
"PM2.5 air pollution, mean annual exposure (micrograms per cubic meter)",EN.ATM.PM25.MC.M3,Vietnam,VNM,35.9284773247318,36.2388454276341,38.486974798001,37.2274515446179,36.835906408279,34.8960150524249,32.4664438201196,30.241311565908,29.6267283386303,..,..,..
"PM2.5 air pollution, mean annual exposure (micrograms per cubic meter)",EN.ATM.PM25.MC.M3,Virgin Islands (U.S.),VIR,10.2992526553631,12.8507561357211,12.9937384396102,12.2331231375092,11.9555131352812,11.1658167008995,11.0288965101129,10.2648434328621,10.2653122841077,..,..,..
"PM2.5 air pollution, mean annual exposure (micrograms per cubic meter)",EN.ATM.PM25.MC.M3,West Bank and Gaza,PSE,34.225751051085,33.8537516297179,32.8733127376724,32.7694590415318,33.4929635793704,33.4482827649975,33.8914115097154,32.7420676391984,33.2256303758951,..,..,..
"PM2.5 air pollution, mean annual exposure (micrograms per cubic meter)",EN.ATM.PM25.MC.M3,"Yemen, Rep.",YEM,48.8637265189059,50.8679328986047,50.8352907813213,51.4344540228684,52.9984433505284,48.3386526659716,54.2602866641917,50.1276256656301,50.4560068932715,..,..,..
"PM2.5 air pollution, mean annual exposure (micrograms per cubic meter)",EN.ATM.PM25.MC.M3,Zambia,ZMB,32.7648450942645,30.8982041470718,28.9871167369868,29.7420395289995,29.1122207838349,28.4932518913568,28.3754516793263,27.3556737084119,27.438034758712,..,..,..
"PM2.5 air pollution, mean annual exposure (micrograms per cubic meter)",EN.ATM.PM25.MC.M3,Zimbabwe,ZWE,23.3199079113891,23.1263731791441,23.0742126582887,23.1980971225069,23.1110875484945,22.805949655883,21.733708579985,21.7269471803424,22.2516710932407,..,..,..
"PM2.5 air pollution, mean annual exposure (micrograms per cubic meter)",EN.ATM.PM25.MC.M3,Arab World,ARB,53.3002660564708,53.0630756716598,52.6522786914544,53.2972698457394,54.0538218491081,52.5836028395011,60.4068134713159,58.7649047109991,58.6892586101525,..,..,..
"PM2.5 air pollution, mean annual exposure (micrograms per cubic meter)",EN.ATM.PM25.MC.M3,Caribbean small states,CSS,22.5796449072394,22.7258340935564,23.6044636814059,22.1764972928045,21.4564188941963,19.9665384728529,20.0873788512754,19.1023735180726,19.0098341062537,..,..,..
"PM2.5 air pollution, mean annual exposure (micrograms per cubic meter)",EN.ATM.PM25.MC.M3,Central Europe and the Baltics,CEB,24.8180460585383,21.5599051535744,21.9098300385535,20.2036248901265,19.2253757798309,18.6091962291898,18.994103800455,17.6410876391952,17.6333340284982,..,..,..
"PM2.5 air pollution, mean annual exposure (micrograms per cubic meter)",EN.ATM.PM25.MC.M3,Early-demographic dividend,EAR,56.5532694945557,58.1541312208772,64.8558853666117,60.3799435758545,61.4008677848596,60.0026730466962,60.6222386995762,59.8787911904816,60.3686559927519,..,..,..
"PM2.5 air pollution, mean annual exposure (micrograms per cubic meter)",EN.ATM.PM25.MC.M3,East Asia & Pacific,EAS,44.9153130011118,46.5854566275806,52.4169327143941,48.0567283492211,48.827170516475,44.8495270209021,44.218931878494,39.5207179147889,39.750622978754,..,..,..
"PM2.5 air pollution, mean annual exposure (micrograms per cubic meter)",EN.ATM.PM25.MC.M3,East Asia & Pacific (excluding high income),EAP,48.4134208604526,50.0308624169398,56.3846618594111,51.640486582123,52.4407472662836,48.120641756842,47.3730971742144,42.2995065865444,42.5394679440716,..,..,..
"PM2.5 air pollution, mean annual exposure (micrograms per cubic meter)",EN.ATM.PM25.MC.M3,East Asia & Pacific (IDA & IBRD countries),TEA,48.5420317177057,50.1837255383219,56.6065490983756,51.8333571390318,52.6341527699137,48.28311393846,47.4986754280005,42.4318904478794,42.6714052908125,..,..,..
"PM2.5 air pollution, mean annual exposure (micrograms per cubic meter)",EN.ATM.PM25.MC.M3,Euro area,EMU,16.7842579852566,15.3421713186616,15.3663861839981,14.1575008327824,13.7881416680229,13.2245568474671,13.4306445386393,12.4663125908088,12.5251127389055,..,..,..
"PM2.5 air pollution, mean annual exposure (micrograms per cubic meter)",EN.ATM.PM25.MC.M3,Europe & Central Asia,ECS,21.9286388985836,20.3356482326828,20.5756171411692,19.5009763005869,19.080446019108,18.3919036410633,19.0008631285714,18.0099164277145,18.083555475024,..,..,..
"PM2.5 air pollution, mean annual exposure (micrograms per cubic meter)",EN.ATM.PM25.MC.M3,Europe & Central Asia (excluding high income),ECA,27.645109375477,26.2724891769269,26.854146649142,26.0192739980596,25.620950573927,24.7675201738628,25.9309106653726,24.8266447029816,24.9393986400722,..,..,..
"PM2.5 air pollution, mean annual exposure (micrograms per cubic meter)",EN.ATM.PM25.MC.M3,Europe & Central Asia (IDA & IBRD countries),TEC,27.4103027315302,25.738611209642,26.3438669096264,25.373205055614,24.8736560186634,24.0569028450299,25.133291122385,23.9913844492075,24.0923519602746,..,..,..
"PM2.5 air pollution, mean annual exposure (micrograms per cubic meter)",EN.ATM.PM25.MC.M3,European Union,EUU,18.5661707647284,16.6412692217131,16.6312085378455,15.3100915041287,14.7992795273577,14.2500359923559,14.4710665376898,13.4316762599858,13.4661016569873,..,..,..
"PM2.5 air pollution, mean annual exposure (micrograms per cubic meter)",EN.ATM.PM25.MC.M3,Fragile and conflict affected situations,FCS,50.8186248362852,49.7324849690241,45.3278155062081,46.880237252056,44.3673755082133,42.8902315212012,53.5598452445877,51.2004425030051,51.6019187249696,..,..,..
"PM2.5 air pollution, mean annual exposure (micrograms per cubic meter)",EN.ATM.PM25.MC.M3,Heavily indebted poor countries (HIPC),HPC,39.8321905429144,39.6552386062599,37.9208879548834,38.4746953832968,37.1784964168115,36.3868794545283,41.373597562611,40.4672276743195,40.6850390030708,..,..,..
"PM2.5 air pollution, mean annual exposure (micrograms per cubic meter)",EN.ATM.PM25.MC.M3,High income,HIC,16.7167383729832,16.2341900623974,16.9686798707814,16.0842751588214,15.8710579091984,14.9881260231727,15.8075993048664,14.5188469798467,14.6816009240143,..,..,..
"PM2.5 air pollution, mean annual exposure (micrograms per cubic meter)",EN.ATM.PM25.MC.M3,IBRD only,IBD,50.7645411423942,52.9012028679131,60.1218912572203,55.2719408950485,56.6121684617421,53.896407846743,53.8824187519222,51.5930922470101,52.0215088084661,..,..,..
"PM2.5 air pollution, mean annual exposure (micrograms per cubic meter)",EN.ATM.PM25.MC.M3,IDA & IBRD total,IBT,50.4870038971908,52.0252117414901,57.2362351181502,53.5029543192931,53.9784651851222,51.7317383160149,53.0535295100875,50.8090015699115,51.1761684919579,..,..,..
"PM2.5 air pollution, mean annual exposure (micrograms per cubic meter)",EN.ATM.PM25.MC.M3,IDA blend,IDB,57.925939070865,56.3849593939951,53.4794941276795,52.9739756943213,49.9210776678649,48.7376483922244,59.3540234638594,57.0696765306906,57.1610483021187,..,..,..
"PM2.5 air pollution, mean annual exposure (micrograms per cubic meter)",EN.ATM.PM25.MC.M3,IDA only,IDX,44.9977720379003,44.956880805356,45.2226286754801,45.3186774799574,43.6008998234673,43.1548255118506,46.0333628216894,44.0589274708643,44.3366254311268,..,..,..
"PM2.5 air pollution, mean annual exposure (micrograms per cubic meter)",EN.ATM.PM25.MC.M3,IDA total,IDA,49.327875134467,48.7806094667725,47.9881939570635,47.8912532444272,45.726973320316,45.0346177097005,50.5218773416582,48.4452487690577,48.6613431751014,..,..,..
"PM2.5 air pollution, mean annual exposure (micrograms per cubic meter)",EN.ATM.PM25.MC.M3,Late-demographic dividend,LTE,44.7667111555824,46.5004026931586,52.662768322306,48.1710146836064,48.9912419164296,45.0310351811395,44.5380914943974,39.7806481190392,40.0084041405923,..,..,..
"PM2.5 air pollution, mean annual exposure (micrograms per cubic meter)",EN.ATM.PM25.MC.M3,Latin America & Caribbean,LCN,19.6086734358143,20.8045919646936,21.5091007384493,20.4406000692538,19.7698798227413,18.3917898401627,17.7536145579608,16.6997974775499,16.7084299310975,..,..,..
"PM2.5 air pollution, mean annual exposure (micrograms per cubic meter)",EN.ATM.PM25.MC.M3,Latin America & Caribbean (excluding high income),LAC,19.6158776694893,20.7973257039905,21.4900694085178,20.4485424256834,19.7834088227205,18.3804822663271,17.7214303929955,16.6781578430205,16.6808704208953,..,..,..
"PM2.5 air pollution, mean annual exposure (micrograms per cubic meter)",EN.ATM.PM25.MC.M3,Latin America & the Caribbean (IDA & IBRD countries),TLA,19.5951855202843,20.8066833632536,21.5125332921842,20.4501760944488,19.7704936153827,18.3898728040148,17.7433458306852,16.6874425251027,16.6961799141342,..,..,..
"PM2.5 air pollution, mean annual exposure (micrograms per cubic meter)",EN.ATM.PM25.MC.M3,Least developed countries: UN classification,LDC,45.9778225452052,46.0501035312871,46.4098586655589,46.5756323742089,44.782953706912,44.4218262961277,47.0163501445043,44.9132637529882,45.2686646335719,..,..,..
"PM2.5 air pollution, mean annual exposure (micrograms per cubic meter)",EN.ATM.PM25.MC.M3,Low & middle income,LMY,50.8807855672128,52.4142002974266,57.6033098790613,53.8474847728787,54.3411655213084,52.0714480647683,53.4045704110663,51.1323614643287,51.4997349296192,..,..,..
"PM2.5 air pollution, mean annual exposure (micrograms per cubic meter)",EN.ATM.PM25.MC.M3,Low income,LIC,41.7971867593488,41.7095147844989,40.8937342625147,41.0852678488751,40.0633119850781,39.0391152942811,43.7825431416002,42.5004679261432,42.8281528766973,..,..,..
"PM2.5 air pollution, mean annual exposure (micrograms per cubic meter)",EN.ATM.PM25.MC.M3,Lower middle income,LMC,64.0616095081459,65.2268444884917,71.5026182804042,66.727212000718,67.5611854330317,66.1582784260212,68.2868044354513,67.3332825614465,67.8048452403095,..,..,..
"PM2.5 air pollution, mean annual exposure (micrograms per cubic meter)",EN.ATM.PM25.MC.M3,Middle East & North Africa,MEA,50.211424288256,50.4140280550025,50.2604987909253,51.0599994905889,51.9401854785438,50.522729775015,57.0183392255287,55.807348449289,55.6693262238609,..,..,..
"PM2.5 air pollution, mean annual exposure (micrograms per cubic meter)",EN.ATM.PM25.MC.M3,Middle East & North Africa (excluding high income),MNA,49.2677545684802,48.9370865226648,48.2675019971022,48.8094688756055,49.9660956978159,49.2261517642361,54.4683229252744,54.3725552778004,53.8577625376184,..,..,..
"PM2.5 air pollution, mean annual exposure (micrograms per cubic meter)",EN.ATM.PM25.MC.M3,Middle East & North Africa (IDA & IBRD countries),TMN,49.4004311722453,49.0965749220667,48.4459724129535,48.9966674452089,50.1595052619814,49.4124432613351,54.7125930714902,54.6307127615134,54.1047770874218,..,..,..
"PM2.5 air pollution, mean annual exposure (micrograms per cubic meter)",EN.ATM.PM25.MC.M3,Middle income,MIC,51.5791166391524,53.3472556783423,59.3318332292745,55.1782073516847,55.850227745168,53.4677438901946,54.4499362827269,52.083556377813,52.4692170657381,..,..,..
"PM2.5 air pollution, mean annual exposure (micrograms per cubic meter)",EN.ATM.PM25.MC.M3,North America,NAC,9.55477084816248,9.40417257167705,9.63080324058978,8.91489013133025,8.64142512951611,8.14220671876813,7.97332320134541,7.32101714385796,7.31104225040395,..,..,..
"PM2.5 air pollution, mean annual exposure (micrograms per cubic meter)",EN.ATM.PM25.MC.M3,Not classified,INX,..,..,..,..,..,..,..,..,..,..,..,..
"PM2.5 air pollution, mean annual exposure (micrograms per cubic meter)",EN.ATM.PM25.MC.M3,OECD members,OED,17.3489907296449,17.0291575801844,17.2738569204728,16.3107200046599,16.0708672740485,15.3377626789265,15.4589246141469,14.4849859080529,14.5309829108558,..,..,..
"PM2.5 air pollution, mean annual exposure (micrograms per cubic meter)",EN.ATM.PM25.MC.M3,Other small states,OSS,29.3274640925801,29.672616546646,32.4615841331411,33.5136393085918,33.4242077186701,32.4659501542868,35.844679372387,34.254472600852,34.7544283494956,..,..,..
"PM2.5 air pollution, mean annual exposure (micrograms per cubic meter)",EN.ATM.PM25.MC.M3,Pacific island small states,PSS,13.4350977004635,13.543236774393,14.0361130560805,13.0615287589487,12.4504852337867,12.0054588581227,11.9983409982139,11.3030314689226,11.2676413975279,..,..,..
"PM2.5 air pollution, mean annual exposure (micrograms per cubic meter)",EN.ATM.PM25.MC.M3,Post-demographic dividend,PST,15.554348101248,14.4856148986226,14.4137064330336,13.3592840624037,13.1316739686697,12.4351548329966,12.5341333972263,11.6012673992316,11.5930862963054,..,..,..
"PM2.5 air pollution, mean annual exposure (micrograms per cubic meter)",EN.ATM.PM25.MC.M3,Pre-demographic dividend,PRE,49.0825945498681,47.5630465107924,42.3823399437684,44.0824170391445,41.5252539413213,40.5246513862454,50.2626033067013,48.3796842446427,48.6378911456843,..,..,..
"PM2.5 air pollution, mean annual exposure (micrograms per cubic meter)",EN.ATM.PM25.MC.M3,Small states,SST,26.6644477136909,27.0783061309537,29.6018268850582,30.077858685169,29.8659588355292,28.8681975657163,31.4649432753507,30.077330578449,30.4722453936248,..,..,..
"PM2.5 air pollution, mean annual exposure (micrograms per cubic meter)",EN.ATM.PM25.MC.M3,South Asia,SAS,76.6194100102331,78.907502331664,90.5694660412993,82.7316631736357,84.6902609982348,83.0671705725815,82.7248767847279,81.9811802674955,82.8695212378387,..,..,..
"PM2.5 air pollution, mean annual exposure (micrograms per cubic meter)",EN.ATM.PM25.MC.M3,South Asia (IDA & IBRD),TSA,76.6194100102331,78.907502331664,90.5694660412993,82.7316631736357,84.6902609982349,83.0671705725815,82.7248767847279,81.9811802674955,82.8695212378387,..,..,..
"PM2.5 air pollution, mean annual exposure (micrograms per cubic meter)",EN.ATM.PM25.MC.M3,Sub-Saharan Africa,SSF,44.0189185052598,42.7870978005451,38.3612141479141,39.807399632235,37.8832947836152,37.2080857753375,45.6566584987231,44.3542566852249,44.6020959071314,..,..,..
"PM2.5 air pollution, mean annual exposure (micrograms per cubic meter)",EN.ATM.PM25.MC.M3,Sub-Saharan Africa (excluding high income),SSA,44.0807899243107,42.8386329509967,38.3953843413682,39.8429513228177,37.9148624564695,37.2382812412232,45.6988520346538,44.3937359740319,44.6408011030754,..,..,..
"PM2.5 air pollution, mean annual exposure (micrograms per cubic meter)",EN.ATM.PM25.MC.M3,Sub-Saharan Africa (IDA & IBRD countries),TSS,44.0189185052598,42.7870978005451,38.3612141479141,39.807399632235,37.8832947836152,37.2080857753375,45.6566584987231,44.3542566852249,44.6020959071314,..,..,..
"PM2.5 air pollution, mean annual exposure (micrograms per cubic meter)",EN.ATM.PM25.MC.M3,Upper middle income,UMC,41.4767372427581,42.909588943185,47.588239690507,43.9544702008007,44.3897011487194,40.9640230543054,40.7230406774975,36.8525437802628,37.0492366581421,..,..,..
"PM2.5 air pollution, mean annual exposure (micrograms per cubic meter)",EN.ATM.PM25.MC.M3,World,WLD,44.2613443593516,45.9353844919866,50.7710185625315,47.5337463531545,47.9479661477899,45.9449659699922,47.2303114028553,45.1555155638426,45.5283887485611,..,..,..
,,,,,,,,,,,,,,,
,,,,,,,,,,,,,,,
,,,,,,,,,,,,,,,
Data from database: World Development Indicators,,,,,,,,,,,,,,,
Last Updated: 12/16/2020,,,,,,,,,,,,,,,
