Series Name,Series Code,Country Name,Country Code,2000 [YR2000],2010 [YR2010],2011 [YR2011],2012 [YR2012],2013 [YR2013],2014 [YR2014],2015 [YR2015],2016 [YR2016],2017 [YR2017],2018 [YR2018],2019 [YR2019]
Control of Corruption: Percentile Rank,CC.PER.RNK,Afghanistan,AFG,5.076142,0.952381,0.9478673,2.369668,1.895735,5.288462,6.25,3.365385,3.846154,4.326923,6.730769
Control of Corruption: Percentile Rank,CC.PER.RNK,Albania,ALB,23.85787,36.19048,26.54029,27.48815,27.01422,34.61538,38.46154,40.86538,42.30769,35.09615,33.17308
Control of Corruption: Percentile Rank,CC.PER.RNK,Algeria,DZA,18.78173,36.66667,35.07109,37.44076,39.33649,32.21154,29.80769,27.88461,30.28846,28.36539,29.32692
Control of Corruption: Percentile Rank,CC.PER.RNK,American Samoa,ASM,..,67.14286,66.82465,65.87678,65.40285,87.01923,87.01923,87.5,93.75,94.71154,94.71154
Control of Corruption: Percentile Rank,CC.PER.RNK,Andorra,AND,88.83249,88.09524,88.15166,87.20379,86.72986,87.01923,87.01923,87.5,86.53846,86.53846,87.5
Control of Corruption: Percentile Rank,CC.PER.RNK,Angola,AGO,1.522843,3.809524,4.265403,7.109005,6.161138,3.846154,3.846154,5.769231,6.25,11.53846,13.94231
Control of Corruption: Percentile Rank,CC.PER.RNK,Anguilla,AIA,..,88.09524,88.15166,87.20379,86.72986,87.01923,87.01923,87.5,86.53846,86.53846,87.5
Control of Corruption: Percentile Rank,CC.PER.RNK,Antigua and Barbuda,ATG,82.23351,88.09524,88.15166,87.20379,86.72986,74.03846,75.48077,74.51923,62.98077,63.46154,63.46154
Control of Corruption: Percentile Rank,CC.PER.RNK,Argentina,ARG,50.25381,43.33333,44.07583,39.33649,40.28436,35.09615,33.65385,47.11538,47.59615,55.28846,53.36538
Control of Corruption: Percentile Rank,CC.PER.RNK,Armenia,ARM,27.41117,26.66667,28.90995,33.64929,36.01896,36.05769,35.09615,32.69231,32.69231,42.78846,50
Control of Corruption: Percentile Rank,CC.PER.RNK,Aruba,ABW,..,84.28571,83.41232,82.93839,82.93839,81.73077,88.46154,89.42308,87.98077,87.01923,85.09615
Control of Corruption: Percentile Rank,CC.PER.RNK,Australia,AUS,93.90863,95.2381,96.20853,95.7346,93.83886,95.19231,94.23077,93.26923,92.78846,92.78846,94.23077
Control of Corruption: Percentile Rank,CC.PER.RNK,Austria,AUT,92.8934,91.90476,89.57346,89.09953,90.99526,90.38461,90.86539,91.34615,90.86539,91.34615,90.86539
Control of Corruption: Percentile Rank,CC.PER.RNK,Azerbaijan,AZE,4.568528,6.666667,9.478673,11.84834,16.58768,14.42308,16.82692,19.23077,17.78846,21.63461,19.71154
Control of Corruption: Percentile Rank,CC.PER.RNK,"Bahamas, The",BHS,86.80203,88.57143,89.09953,87.67773,88.6256,88.46154,83.17308,81.73077,83.65385,83.17308,84.13461
Control of Corruption: Percentile Rank,CC.PER.RNK,Bahrain,BHR,68.0203,63.33333,63.98104,67.77251,68.72038,63.94231,61.05769,57.69231,51.92308,51.44231,56.73077
Control of Corruption: Percentile Rank,CC.PER.RNK,Bangladesh,BGD,10.6599,14.7619,14.21801,21.32701,20.85308,19.23077,22.11539,18.75,19.23077,16.82692,16.34615
Control of Corruption: Percentile Rank,CC.PER.RNK,Barbados,BRB,91.37056,90,92.891,92.41706,91.46919,82.69231,90.38461,87.98077,89.42308,88.94231,88.46154
Control of Corruption: Percentile Rank,CC.PER.RNK,Belarus,BLR,42.6396,27.14286,27.01422,36.49289,39.81042,48.07692,46.63462,48.55769,47.11538,49.03846,53.84615
Control of Corruption: Percentile Rank,CC.PER.RNK,Belgium,BEL,90.86295,90.95238,91.94313,91.46919,92.891,91.34615,91.82692,92.78846,89.90385,90.38461,91.34615
Control of Corruption: Percentile Rank,CC.PER.RNK,Belize,BLZ,52.79188,55.23809,46.91943,54.50237,54.9763,51.92308,51.92308,49.51923,45.67308,51.92308,48.55769
Control of Corruption: Percentile Rank,CC.PER.RNK,Benin,BEN,36.54822,30,33.17535,20.85308,24.64455,29.80769,33.17308,34.13462,33.65385,41.34615,42.78846
Control of Corruption: Percentile Rank,CC.PER.RNK,Bermuda,BMU,88.83249,88.09524,88.15166,87.20379,86.72986,87.01923,87.01923,87.5,86.53846,86.53846,87.5
Control of Corruption: Percentile Rank,CC.PER.RNK,Bhutan,BTN,83.75635,79.04762,76.77725,78.67299,77.72512,87.5,82.21154,82.21154,91.82692,91.82692,91.82692
Control of Corruption: Percentile Rank,CC.PER.RNK,Bolivia,BOL,37.05584,39.04762,34.12322,27.01422,34.59716,30.28846,26.92308,25,28.36539,28.84615,25.96154
Control of Corruption: Percentile Rank,CC.PER.RNK,Bosnia and Herzegovina,BIH,33.50254,44.76191,47.8673,47.39336,50.23697,47.59615,43.26923,37.01923,37.01923,31.25,30.28846
Control of Corruption: Percentile Rank,CC.PER.RNK,Botswana,BWA,78.68021,81.90476,79.62085,78.19905,79.14692,78.36539,77.40385,80.76923,78.84615,77.88461,75.48077
Control of Corruption: Percentile Rank,CC.PER.RNK,Brazil,BRA,58.88325,60,63.03318,58.29384,55.92417,46.63462,42.78846,42.78846,36.05769,40.38462,42.30769
Control of Corruption: Percentile Rank,CC.PER.RNK,Brunei Darussalam,BRN,67.00507,78.09524,77.25118,71.56398,72.98578,69.71154,69.23077,70.19231,75,79.80769,78.36539
Control of Corruption: Percentile Rank,CC.PER.RNK,Bulgaria,BGR,53.80711,53.33333,51.65877,51.18483,48.81517,50.48077,49.51923,50.96154,50.96154,50.96154,50.48077
Control of Corruption: Percentile Rank,CC.PER.RNK,Burkina Faso,BFA,57.3604,43.80952,43.60189,37.91469,36.49289,38.46154,48.55769,52.88462,53.36538,53.36538,49.51923
Control of Corruption: Percentile Rank,CC.PER.RNK,Burundi,BDI,26.39594,10.95238,8.530806,1.421801,2.369668,8.653846,9.134615,10.09615,9.134615,5.288462,4.807693
Control of Corruption: Percentile Rank,CC.PER.RNK,Cabo Verde,CPV,74.61929,77.61905,78.67299,77.25118,77.25118,79.32692,79.80769,78.84615,80.28846,78.36539,79.80769
Control of Corruption: Percentile Rank,CC.PER.RNK,Cambodia,KHM,16.75127,7.142857,6.161138,13.27014,12.79621,11.53846,12.01923,9.134615,8.653846,8.653846,9.615385
Control of Corruption: Percentile Rank,CC.PER.RNK,Cameroon,CMR,7.106599,14.28571,12.32228,8.056872,9.952606,10.57692,12.98077,11.53846,11.05769,11.05769,11.05769
Control of Corruption: Percentile Rank,CC.PER.RNK,Canada,CAN,95.43147,96.19048,95.26067,95.26067,95.26067,94.23077,95.19231,96.15385,95.67308,93.75,93.26923
Control of Corruption: Percentile Rank,CC.PER.RNK,Cayman Islands,CYM,88.83249,84.28571,88.6256,88.15166,89.09953,81.73077,81.73077,68.75,69.23077,68.26923,67.78846
Control of Corruption: Percentile Rank,CC.PER.RNK,Central African Republic,CAF,8.121827,18.09524,18.48341,16.58768,12.32228,11.05769,7.211538,8.653846,11.53846,10.57692,10.57692
Control of Corruption: Percentile Rank,CC.PER.RNK,Chad,TCD,11.16751,2.857143,4.739336,3.791469,4.265403,6.25,5.288462,4.807693,5.288462,6.730769,5.769231
Control of Corruption: Percentile Rank,CC.PER.RNK,Chile,CHL,91.87817,90.47619,90.04739,90.99526,90.52132,90.86539,87.5,82.69231,82.21154,82.21154,83.17308
Control of Corruption: Percentile Rank,CC.PER.RNK,China,CHN,49.23858,33.33333,37.91469,40.28436,44.54976,45.67308,48.07692,49.03846,46.63462,45.67308,43.26923
Control of Corruption: Percentile Rank,CC.PER.RNK,Colombia,COL,40.60914,42.38095,49.2891,43.12796,42.1801,44.23077,47.59615,44.71154,43.75,45.19231,48.07692
Control of Corruption: Percentile Rank,CC.PER.RNK,Comoros,COM,11.67513,21.90476,22.74882,23.69668,25.11848,31.73077,25.96154,29.32692,26.44231,22.59615,15.38461
Control of Corruption: Percentile Rank,CC.PER.RNK,"Congo, Dem. Rep.",COD,0.5076142,2.380952,2.369668,4.265403,5.21327,7.211538,8.173077,7.211538,5.769231,3.846154,3.365385
Control of Corruption: Percentile Rank,CC.PER.RNK,"Congo, Rep.",COG,10.15228,12.38095,12.79621,10.42654,10.90047,10.09615,10.57692,10.57692,8.173077,7.692307,6.25
Control of Corruption: Percentile Rank,CC.PER.RNK,Cook Islands,COK,63.45178,50,51.18483,51.65877,50.7109,..,..,..,..,..,..
Control of Corruption: Percentile Rank,CC.PER.RNK,Costa Rica,CRI,79.69543,72.85714,72.51185,72.51185,72.03792,75,75.96154,76.44231,66.82692,70.67308,75.96154
Control of Corruption: Percentile Rank,CC.PER.RNK,Cote d'Ivoire,CIV,29.94924,11.42857,16.58768,21.80095,26.06635,42.30769,41.34615,33.17308,36.53846,36.53846,33.65385
Control of Corruption: Percentile Rank,CC.PER.RNK,Croatia,HRV,56.34518,60.47619,59.24171,59.71564,62.08531,62.01923,63.94231,62.5,61.05769,60.09615,60.09615
Control of Corruption: Percentile Rank,CC.PER.RNK,Cuba,CUB,67.51269,65.71429,64.45498,63.50711,61.61137,58.65385,60.09615,62.01923,64.42308,61.05769,58.65385
Control of Corruption: Percentile Rank,CC.PER.RNK,Cyprus,CYP,84.77158,80,77.72512,85.30806,84.83412,82.21154,80.76923,77.88461,78.36539,74.03846,71.63461
Control of Corruption: Percentile Rank,CC.PER.RNK,Czech Republic,CZE,62.43655,66.66666,67.77251,64.92891,63.50711,66.34615,67.30769,69.23077,70.67308,69.23077,68.75
Control of Corruption: Percentile Rank,CC.PER.RNK,Denmark,DNK,99.49239,100,100,100,100,99.51923,98.07692,99.03846,98.55769,98.55769,97.59615
Control of Corruption: Percentile Rank,CC.PER.RNK,Djibouti,DJI,18.27411,41.90476,41.23223,38.86256,35.54502,32.69231,28.84615,30.76923,29.32692,26.44231,20.67308
Control of Corruption: Percentile Rank,CC.PER.RNK,Dominica,DMA,64.467,73.33334,72.98578,73.45972,73.45972,71.63461,71.63461,70.67308,73.55769,70.19231,69.71154
Control of Corruption: Percentile Rank,CC.PER.RNK,Dominican Republic,DOM,28.4264,20.95238,21.80095,19.90521,21.32701,23.07692,21.15385,23.07692,24.51923,24.51923,25
Control of Corruption: Percentile Rank,CC.PER.RNK,Ecuador,ECU,20.30457,22.85714,24.64455,34.12322,35.07109,25,28.36539,27.40385,30.76923,32.21154,34.61538
Control of Corruption: Percentile Rank,CC.PER.RNK,"Egypt, Arab Rep.",EGY,34.01015,30.95238,25.59242,33.17535,31.75356,30.76923,30.76923,31.25,35.57692,31.73077,27.88461
Control of Corruption: Percentile Rank,CC.PER.RNK,El Salvador,SLV,35.02538,48.09524,50.7109,42.1801,45.0237,43.26923,42.30769,33.65385,37.98077,29.80769,32.69231
Control of Corruption: Percentile Rank,CC.PER.RNK,Equatorial Guinea,GNQ,1.015228,1.904762,1.895735,0.4739336,0,0,0,0,0,2.403846,0.4807692
Control of Corruption: Percentile Rank,CC.PER.RNK,Eritrea,ERI,75.63452,33.80952,30.33175,24.64455,20.37915,18.75,7.692307,8.173077,10.57692,9.134615,7.211538
Control of Corruption: Percentile Rank,CC.PER.RNK,Estonia,EST,79.18782,80.47619,81.51659,81.99052,83.41232,87.98077,87.98077,88.94231,87.01923,89.90385,90.38461
Control of Corruption: Percentile Rank,CC.PER.RNK,Eswatini,SWZ,51.77665,50.47619,44.54976,41.70616,41.70616,41.34615,43.75,37.98077,46.15385,47.11538,35.09615
Control of Corruption: Percentile Rank,CC.PER.RNK,Ethiopia,ETH,38.07107,28.09524,28.43602,32.22749,37.91469,39.42308,40.86538,39.90385,33.17308,37.5,39.90385
Control of Corruption: Percentile Rank,CC.PER.RNK,Fiji,FJI,64.97462,40,54.50237,56.39811,54.50237,61.05769,62.01923,61.53846,65.38461,67.30769,70.19231
Control of Corruption: Percentile Rank,CC.PER.RNK,Finland,FIN,100,98.09524,99.05213,98.10426,98.10426,98.55769,99.51923,99.51923,99.03846,100,99.03846
Control of Corruption: Percentile Rank,CC.PER.RNK,France,FRA,89.3401,89.52381,90.52132,90.04739,88.15166,88.94231,88.94231,90.38461,87.5,87.98077,88.94231
Control of Corruption: Percentile Rank,CC.PER.RNK,French Guiana,GUF,82.23351,84.28571,83.41232,82.93839,82.93839,81.73077,81.73077,81.25,81.73077,81.25,80.76923
Control of Corruption: Percentile Rank,CC.PER.RNK,Gabon,GAB,29.44162,20.47619,19.90521,28.43602,29.38389,28.36539,26.44231,23.55769,20.19231,18.75,17.78846
Control of Corruption: Percentile Rank,CC.PER.RNK,"Gambia, The",GMB,42.13198,32.38095,37.44076,30.33175,27.48815,27.88461,23.07692,21.63461,29.80769,38.94231,45.19231
Control of Corruption: Percentile Rank,CC.PER.RNK,Georgia,GEO,15.22843,57.14286,61.61137,68.72038,69.66824,76.44231,74.51923,74.03846,77.40385,76.44231,74.03846
Control of Corruption: Percentile Rank,CC.PER.RNK,Germany,DEU,93.40102,93.33334,93.36493,94.3128,94.3128,94.71154,93.26923,93.75,94.23077,95.19231,95.19231
Control of Corruption: Percentile Rank,CC.PER.RNK,Ghana,GHA,54.82233,57.61905,57.34597,54.9763,55.45024,52.40385,52.88462,52.40385,49.03846,52.88462,52.40385
Control of Corruption: Percentile Rank,CC.PER.RNK,Greece,GRC,75.12691,56.66667,55.45024,52.60664,57.8199,53.36538,55.28846,55.28846,52.88462,55.76923,56.25
Control of Corruption: Percentile Rank,CC.PER.RNK,Greenland,GRL,..,85.2381,85.30806,84.83412,84.36019,84.13461,84.13461,83.65385,84.13461,84.13461,82.21154
Control of Corruption: Percentile Rank,CC.PER.RNK,Grenada,GRD,72.08121,70,69.19431,69.19431,67.77251,62.98077,68.75,69.71154,67.30769,66.82692,64.90385
Control of Corruption: Percentile Rank,CC.PER.RNK,Guam,GUM,..,77.14286,75.82938,76.30331,76.77725,87.01923,87.01923,87.5,86.53846,86.53846,87.5
Control of Corruption: Percentile Rank,CC.PER.RNK,Guatemala,GTM,27.91878,35.71429,36.49289,29.38389,32.22749,27.40385,25,24.03846,24.03846,22.11539,18.75
Control of Corruption: Percentile Rank,CC.PER.RNK,Guinea,GIN,17.7665,8.095238,13.27014,15.16588,13.74408,13.46154,14.42308,15.86539,14.42308,13.94231,18.26923
Control of Corruption: Percentile Rank,CC.PER.RNK,Guinea-Bissau,GNB,12.18274,11.90476,11.84834,6.161138,4.739336,2.884615,2.403846,2.884615,2.884615,3.365385,5.288462
Control of Corruption: Percentile Rank,CC.PER.RNK,Guyana,GUY,41.11675,34.28571,32.22749,26.06635,29.85782,26.92308,31.25,44.23077,37.5,46.63462,51.92308
Control of Corruption: Percentile Rank,CC.PER.RNK,Haiti,HTI,6.091371,10,7.109005,9.00474,11.84834,9.134615,10.09615,7.692307,10.09615,9.615385,8.173077
Control of Corruption: Percentile Rank,CC.PER.RNK,Honduras,HND,17.25888,19.52381,21.32701,17.53555,18.00948,23.55769,32.69231,29.80769,25.48077,29.32692,23.07692
Control of Corruption: Percentile Rank,CC.PER.RNK,"Hong Kong SAR, China",HKG,86.29442,94.7619,94.3128,93.36493,91.94313,92.30769,92.78846,91.82692,92.30769,92.30769,92.30769
Control of Corruption: Percentile Rank,CC.PER.RNK,Hungary,HUN,77.66498,68.57143,68.72038,67.29858,65.87678,60.57692,61.53846,60.57692,59.13462,59.61538,57.69231
Control of Corruption: Percentile Rank,CC.PER.RNK,Iceland,ISL,98.47716,94.28571,94.78673,94.78673,95.7346,93.75,95.67308,95.19231,93.26923,94.23077,92.78846
Control of Corruption: Percentile Rank,CC.PER.RNK,India,IND,44.16244,38.57143,35.54502,36.96682,36.96682,41.82692,44.71154,47.59615,48.55769,49.51923,47.59615
Control of Corruption: Percentile Rank,CC.PER.RNK,Indonesia,IDN,19.28934,24.76191,25.11848,31.27962,32.70142,33.65385,39.42308,41.82692,48.07692,46.15385,37.98077
Control of Corruption: Percentile Rank,CC.PER.RNK,"Iran, Islamic Rep.",IRN,39.59391,17.61905,20.37915,23.22275,27.96209,31.25,31.73077,26.44231,20.67308,15.86539,14.90385
Control of Corruption: Percentile Rank,CC.PER.RNK,Iraq,IRQ,2.030457,6.190476,11.37441,9.478673,7.582938,5.769231,4.807693,6.25,6.730769,7.211538,8.653846
Control of Corruption: Percentile Rank,CC.PER.RNK,Ireland,IRL,90.35533,92.85714,91.46919,90.52132,90.04739,91.82692,92.30769,92.30769,91.34615,90.86539,89.42308
Control of Corruption: Percentile Rank,CC.PER.RNK,Israel,ISR,84.26396,74.28571,76.30331,77.72512,78.67299,78.84615,79.32692,84.61539,79.80769,79.32692,78.84615
Control of Corruption: Percentile Rank,CC.PER.RNK,Italy,ITA,77.15736,61.90476,63.50711,60.18958,59.71564,56.25,57.69231,59.61538,61.53846,62.01923,62.01923
Control of Corruption: Percentile Rank,CC.PER.RNK,Jamaica,JAM,58.37563,50.95238,54.02843,49.2891,48.34123,48.55769,50.96154,51.44231,50.48077,50,54.32692
Control of Corruption: Percentile Rank,CC.PER.RNK,Japan,JPN,85.7868,91.42857,90.99526,91.94313,92.41706,92.78846,91.34615,90.86539,90.38461,89.42308,89.90385
Control of Corruption: Percentile Rank,CC.PER.RNK,"Jersey, Channel Islands",JEY,..,..,85.30806,84.83412,84.36019,84.13461,84.13461,83.17308,83.17308,82.69231,82.21154
Control of Corruption: Percentile Rank,CC.PER.RNK,Jordan,JOR,59.39086,59.52381,61.13744,60.66351,60.18958,59.61538,64.42308,64.90385,63.94231,60.57692,60.57692
Control of Corruption: Percentile Rank,CC.PER.RNK,Kazakhstan,KAZ,9.64467,16.66667,17.53555,18.95735,18.95735,22.59615,19.71154,20.67308,19.71154,36.05769,43.75
Control of Corruption: Percentile Rank,CC.PER.RNK,Kenya,KEN,12.69036,19.04762,18.00948,12.32228,14.69194,16.34615,13.94231,16.82692,15.38461,19.71154,24.51923
Control of Corruption: Percentile Rank,CC.PER.RNK,Kiribati,KIR,44.67005,56.19048,60.18958,59.24171,58.29384,63.46154,62.98077,64.42308,66.34615,64.90385,65.38461
Control of Corruption: Percentile Rank,CC.PER.RNK,"Korea, Dem. People’s Rep.",PRK,4.060914,5.714286,5.21327,5.687204,6.635071,7.692307,9.615385,5.288462,4.807693,1.923077,2.884615
Control of Corruption: Percentile Rank,CC.PER.RNK,"Korea, Rep.",KOR,65.48223,70.95238,71.09005,70.61611,71.56398,70.19231,66.82692,67.30769,67.78846,72.11539,76.92308
Control of Corruption: Percentile Rank,CC.PER.RNK,Kosovo,XKX,69.03553,31.90476,31.75356,29.85782,30.33175,36.53846,34.13462,40.38462,38.46154,35.57692,31.73077
Control of Corruption: Percentile Rank,CC.PER.RNK,Kuwait,KWT,73.60406,65.2381,59.71564,52.1327,52.60664,50.96154,51.44231,48.07692,44.71154,44.71154,50.96154
Control of Corruption: Percentile Rank,CC.PER.RNK,Kyrgyz Republic,KGZ,19.79696,10.47619,7.582938,11.37441,10.42654,12.01923,11.05769,12.5,12.98077,16.34615,17.30769
Control of Corruption: Percentile Rank,CC.PER.RNK,Lao PDR,LAO,21.3198,8.571428,9.952606,15.63981,18.48341,21.15385,17.78846,14.42308,15.86539,15.38461,13.46154
Control of Corruption: Percentile Rank,CC.PER.RNK,Latvia,LVA,56.85279,63.80952,65.40285,64.45498,66.82465,67.78846,67.78846,66.82692,69.71154,64.42308,68.26923
Control of Corruption: Percentile Rank,CC.PER.RNK,Lebanon,LBN,34.51777,20,19.43128,19.43128,19.43128,13.94231,19.23077,13.94231,14.90385,12.01923,12.01923
Control of Corruption: Percentile Rank,CC.PER.RNK,Lesotho,LSO,57.86802,62.85714,62.55924,62.08531,63.98104,61.53846,59.61538,56.73077,55.76923,53.84615,55.76923
Control of Corruption: Percentile Rank,CC.PER.RNK,Liberia,LBR,2.538071,32.85714,27.48815,32.70142,26.54029,24.03846,30.28846,25.48077,26.92308,20.19231,19.23077
Control of Corruption: Percentile Rank,CC.PER.RNK,Libya,LBY,22.84264,5.238095,5.687204,3.317536,0.9478673,1.442308,0.9615384,1.923077,1.923077,2.884615,2.403846
Control of Corruption: Percentile Rank,CC.PER.RNK,Liechtenstein,LIE,88.83249,93.80952,93.83886,93.83886,94.78673,97.11539,96.15385,96.63461,97.11539,95.67308,95.67308
Control of Corruption: Percentile Rank,CC.PER.RNK,Lithuania,LTU,66.49746,69.04762,67.29858,68.24644,68.24644,70.67308,70.67308,75,70.19231,68.75,74.51923
Control of Corruption: Percentile Rank,CC.PER.RNK,Luxembourg,LUX,94.41624,95.71429,98.10426,96.68246,97.15639,96.63461,97.11539,97.59615,96.15385,97.11539,98.07692
Control of Corruption: Percentile Rank,CC.PER.RNK,"Macao SAR, China",MAC,69.54314,69.52381,70.61611,70.14218,70.61611,77.40385,70.19231,78.36539,72.11539,76.92308,75
Control of Corruption: Percentile Rank,CC.PER.RNK,Madagascar,MDG,38.57868,40.95238,39.33649,28.90995,23.69668,21.63461,20.19231,16.34615,13.46154,14.90385,15.86539
Control of Corruption: Percentile Rank,CC.PER.RNK,Malawi,MWI,47.20812,38.09524,40.75829,38.38863,33.64929,25.96154,23.55769,22.59615,27.88461,25,24.03846
Control of Corruption: Percentile Rank,CC.PER.RNK,Malaysia,MYS,65.98985,60.95238,57.8199,63.98104,67.29858,66.82692,63.46154,60.09615,58.17308,63.94231,62.5
Control of Corruption: Percentile Rank,CC.PER.RNK,Maldives,MDV,43.14721,34.76191,34.59716,27.96209,24.17062,43.75,37.98077,28.84615,21.63461,17.30769,46.15385
Control of Corruption: Percentile Rank,CC.PER.RNK,Mali,MLI,24.8731,28.57143,29.85782,22.27488,22.27488,26.44231,27.88461,30.28846,28.84615,26.92308,26.92308
Control of Corruption: Percentile Rank,CC.PER.RNK,Malta,MLT,83.24873,74.7619,73.45972,79.14692,81.04266,77.88461,78.84615,75.48077,76.92308,71.63461,61.53846
Control of Corruption: Percentile Rank,CC.PER.RNK,Marshall Islands,MHL,46.19289,45.23809,45.97157,48.34123,58.76777,54.32692,54.80769,56.25,57.21154,54.32692,54.80769
Control of Corruption: Percentile Rank,CC.PER.RNK,Martinique,MTQ,82.23351,77.14286,75.82938,76.30331,76.77725,87.01923,87.01923,87.5,86.53846,86.53846,87.5
Control of Corruption: Percentile Rank,CC.PER.RNK,Mauritania,MRT,37.56345,26.19048,30.80569,24.17062,21.80095,16.82692,17.30769,24.51923,23.07692,23.07692,20.19231
Control of Corruption: Percentile Rank,CC.PER.RNK,Mauritius,MUS,68.52792,72.38095,71.56398,65.40285,64.92891,65.86539,65.86539,62.98077,62.01923,62.98077,63.94231
Control of Corruption: Percentile Rank,CC.PER.RNK,Mexico,MEX,47.71574,42.85714,41.70616,42.65403,37.44076,24.51923,24.03846,25.96154,16.34615,19.23077,22.59615
Control of Corruption: Percentile Rank,CC.PER.RNK,"Micronesia, Fed. Sts.",FSM,48.73096,54.28571,45.0237,54.02843,52.1327,75.96154,75,73.07692,77.88461,75.48077,76.44231
Control of Corruption: Percentile Rank,CC.PER.RNK,Moldova,MDA,31.47208,29.04762,31.27962,31.75356,23.22275,20.67308,18.26923,14.90385,21.15385,25.96154,29.80769
Control of Corruption: Percentile Rank,CC.PER.RNK,Monaco,MCO,..,..,..,..,..,..,..,..,..,..,..
Control of Corruption: Percentile Rank,CC.PER.RNK,Mongolia,MNG,45.68528,25.23809,26.06635,35.54502,38.38863,37.01923,37.5,36.53846,41.82692,39.90385,37.5
Control of Corruption: Percentile Rank,CC.PER.RNK,Montenegro,MNE,53.29949,51.42857,53.08057,55.92417,49.76303,55.28846,53.84615,54.32692,54.80769,58.17308,55.28846
Control of Corruption: Percentile Rank,CC.PER.RNK,Morocco,MAR,54.31472,52.85714,42.1801,39.81042,44.07583,50,52.40385,53.84615,52.40385,47.59615,45.67308
Control of Corruption: Percentile Rank,CC.PER.RNK,Mozambique,MOZ,39.0863,40.47619,38.86256,34.59716,34.12322,29.32692,24.51923,17.78846,18.75,24.03846,23.55769
Control of Corruption: Percentile Rank,CC.PER.RNK,Myanmar,MMR,3.045685,0.4761905,0.4739336,13.74408,16.11374,20.19231,20.67308,32.21154,32.21154,30.28846,28.84615
Control of Corruption: Percentile Rank,CC.PER.RNK,Namibia,NAM,73.09644,67.61905,66.35071,66.82465,66.35071,64.42308,66.34615,65.86539,64.90385,65.38461,65.86539
Control of Corruption: Percentile Rank,CC.PER.RNK,Nauru,NRU,..,58.09524,56.87204,58.76777,31.27962,37.98077,36.05769,39.42308,40.38462,33.65385,36.05769
Control of Corruption: Percentile Rank,CC.PER.RNK,Nepal,NPL,30.96447,27.61905,23.22275,22.74882,28.43602,33.17308,32.21154,22.11539,23.55769,27.40385,27.40385
Control of Corruption: Percentile Rank,CC.PER.RNK,Netherlands,NLD,96.95432,97.61905,97.15639,96.20853,96.20853,95.67308,94.71154,94.71154,95.19231,96.15385,96.63461
Control of Corruption: Percentile Rank,CC.PER.RNK,Netherlands Antilles,ANT,..,77.14286,75.82938,76.30331,76.77725,..,..,..,..,..,..
Control of Corruption: Percentile Rank,CC.PER.RNK,New Zealand,NZL,97.96954,99.52381,99.52607,99.52607,99.52607,100,100,100,100,99.51923,100
Control of Corruption: Percentile Rank,CC.PER.RNK,Nicaragua,NIC,14.72081,24.28572,23.69668,25.11848,25.59242,19.71154,18.75,18.26923,18.26923,12.5,12.5
Control of Corruption: Percentile Rank,CC.PER.RNK,Niger,NER,21.82741,29.52381,29.38389,30.80569,33.17535,28.84615,29.32692,31.73077,27.40385,30.76923,32.21154
Control of Corruption: Percentile Rank,CC.PER.RNK,Nigeria,NGA,6.598985,15.2381,10.90047,10.90047,9.478673,8.173077,12.5,13.46154,12.5,13.46154,12.98077
Control of Corruption: Percentile Rank,CC.PER.RNK,Niue,NIU,..,39.52381,40.28436,40.75829,40.75829,..,..,..,..,..,..
Control of Corruption: Percentile Rank,CC.PER.RNK,North Macedonia,MKD,32.48731,55.71429,55.92417,57.34597,57.34597,56.73077,50,46.63462,45.19231,42.30769,38.94231
Control of Corruption: Percentile Rank,CC.PER.RNK,Norway,NOR,96.4467,97.14286,97.63033,98.5782,99.05213,99.03846,99.03846,98.55769,99.51923,97.59615,97.11539
Control of Corruption: Percentile Rank,CC.PER.RNK,Oman,OMN,78.17259,66.19048,62.08531,63.03318,63.03318,65.38461,64.90385,66.34615,63.46154,62.5,67.30769
Control of Corruption: Percentile Rank,CC.PER.RNK,Pakistan,PAK,24.36548,13.80952,14.69194,14.21801,17.53555,22.11539,21.63461,17.30769,22.59615,23.55769,21.15385
Control of Corruption: Percentile Rank,CC.PER.RNK,Palau,PLW,..,37.61905,36.01896,41.23223,31.27962,37.98077,36.05769,39.42308,40.38462,33.65385,36.05769
Control of Corruption: Percentile Rank,CC.PER.RNK,Panama,PAN,45.17767,47.14286,48.34123,45.0237,45.49763,46.15385,44.23077,35.57692,35.09615,32.69231,30.76923
Control of Corruption: Percentile Rank,CC.PER.RNK,Papua New Guinea,PNG,25.38071,15.71429,16.11374,18.48341,17.06161,17.78846,16.34615,15.38461,16.82692,17.78846,16.82692
Control of Corruption: Percentile Rank,CC.PER.RNK,Paraguay,PRY,3.553299,25.71428,24.17062,20.37915,14.21801,15.38461,15.86539,26.92308,25,21.15385,22.11539
Control of Corruption: Percentile Rank,CC.PER.RNK,Peru,PER,41.62437,51.90476,52.1327,43.60189,41.23223,34.13462,34.61538,43.26923,38.94231,34.61538,36.53846
Control of Corruption: Percentile Rank,CC.PER.RNK,Philippines,PHL,35.53299,23.33333,27.96209,35.07109,43.60189,40.38462,39.90385,36.05769,39.42308,34.13462,31.25
Control of Corruption: Percentile Rank,CC.PER.RNK,Poland,POL,76.14214,71.90476,72.03792,72.98578,71.09005,72.59615,73.55769,75.96154,75.96154,74.51923,71.15385
Control of Corruption: Percentile Rank,CC.PER.RNK,Portugal,PRT,85.27919,82.85714,83.88625,80.56872,80.56872,79.80769,80.28846,80.28846,80.76923,80.28846,77.40385
Control of Corruption: Percentile Rank,CC.PER.RNK,Puerto Rico,PRI,82.23351,71.42857,70.14218,71.09005,70.14218,69.23077,60.57692,59.13462,60.09615,59.13462,58.17308
Control of Corruption: Percentile Rank,CC.PER.RNK,Qatar,QAT,72.58883,89.04762,80.09479,81.51659,81.99052,80.28846,78.36539,79.80769,76.44231,77.40385,79.32692
Control of Corruption: Percentile Rank,CC.PER.RNK,Reunion,REU,..,77.14286,75.82938,76.30331,76.77725,74.03846,72.59615,72.11539,73.07692,73.55769,72.59615
Control of Corruption: Percentile Rank,CC.PER.RNK,Romania,ROU,36.04061,52.38095,52.60664,48.81517,53.08057,53.84615,57.21154,57.21154,55.28846,52.40385,51.44231
Control of Corruption: Percentile Rank,CC.PER.RNK,Russian Federation,RUS,15.73604,13.33333,15.16588,14.69194,15.63981,17.30769,15.38461,19.71154,17.30769,20.67308,21.63461
Control of Corruption: Percentile Rank,CC.PER.RNK,Rwanda,RWA,31.9797,68.09524,68.24644,72.03792,72.51185,75.48077,73.07692,72.59615,71.63461,71.15385,70.67308
Control of Corruption: Percentile Rank,CC.PER.RNK,Samoa,WSM,59.89848,61.42857,60.66351,61.61137,62.55924,64.90385,65.38461,65.38461,74.03846,75,73.07692
Control of Corruption: Percentile Rank,CC.PER.RNK,San Marino,SMR,..,..,..,..,..,..,..,..,..,..,..
Control of Corruption: Percentile Rank,CC.PER.RNK,Sao Tome and Principe,STP,61.92893,49.52381,53.5545,53.08057,54.02843,57.69231,56.25,55.76923,60.57692,61.53846,61.05769
Control of Corruption: Percentile Rank,CC.PER.RNK,Saudi Arabia,SAU,50.76142,59.04762,48.81517,57.8199,59.24171,59.13462,58.65385,63.94231,65.86539,65.86539,62.98077
Control of Corruption: Percentile Rank,CC.PER.RNK,Senegal,SEN,55.83756,30.47619,38.38863,49.76303,53.5545,58.17308,59.13462,58.17308,54.32692,56.73077,59.13462
Control of Corruption: Percentile Rank,CC.PER.RNK,Serbia,SRB,7.614213,47.61905,50.23697,46.4455,46.91943,51.44231,49.03846,45.19231,43.26923,41.82692,37.01923
Control of Corruption: Percentile Rank,CC.PER.RNK,Seychelles,SYC,70.05076,70.47619,69.66824,69.66824,69.19431,68.26923,77.88461,76.92308,74.51923,75.96154,81.25
Control of Corruption: Percentile Rank,CC.PER.RNK,Sierra Leone,SLE,20.81218,22.38095,20.85308,18.00948,19.90521,15.86539,22.59615,20.19231,31.73077,37.01923,38.46154
Control of Corruption: Percentile Rank,CC.PER.RNK,Singapore,SGP,97.46193,98.57143,96.68246,97.15639,96.68246,96.15385,96.63461,97.11539,97.59615,99.03846,99.51923
Control of Corruption: Percentile Rank,CC.PER.RNK,Slovak Republic,SVK,62.94416,64.7619,64.92891,61.13744,60.66351,60.09615,62.5,63.46154,62.5,66.34615,64.42308
Control of Corruption: Percentile Rank,CC.PER.RNK,Slovenia,SVN,80.20305,79.52381,79.14692,76.77725,74.40759,74.51923,76.44231,77.40385,79.32692,80.76923,80.28846
Control of Corruption: Percentile Rank,CC.PER.RNK,Solomon Islands,SLB,43.65482,44.28571,45.49763,44.54976,42.65403,49.03846,46.15385,43.75,59.61538,57.69231,57.21154
Control of Corruption: Percentile Rank,CC.PER.RNK,Somalia,SOM,0,0,0,0,0.4739336,0.4807692,1.442308,0.9615384,0.4807692,0,0.9615384
Control of Corruption: Percentile Rank,CC.PER.RNK,South Africa,ZAF,74.11167,62.38095,58.76777,55.45024,56.39811,54.80769,58.17308,61.05769,56.73077,57.21154,59.61538
Control of Corruption: Percentile Rank,CC.PER.RNK,South Sudan,SSD,..,21.42857,3.317536,5.21327,3.791469,0.9615384,0.4807692,0.4807692,0.9615384,0.4807692,0
Control of Corruption: Percentile Rank,CC.PER.RNK,Spain,ESP,89.84772,82.38095,82.46445,83.41232,78.19905,72.11539,69.71154,68.26923,68.26923,72.59615,73.55769
Control of Corruption: Percentile Rank,CC.PER.RNK,Sri Lanka,LKA,52.28426,41.42857,43.12796,50.7109,51.65877,44.71154,45.19231,45.67308,41.34615,43.26923,44.23077
Control of Corruption: Percentile Rank,CC.PER.RNK,St. Kitts and Nevis,KNA,60.9137,81.42857,81.04266,80.09479,80.09479,62.98077,68.26923,67.78846,68.75,67.78846,66.34615
Control of Corruption: Percentile Rank,CC.PER.RNK,St. Lucia,LCA,71.5736,84.7619,84.36019,81.04266,81.51659,67.30769,71.15385,71.15385,71.15385,69.71154,69.23077
Control of Corruption: Percentile Rank,CC.PER.RNK,St. Vincent and the Grenadines,VCT,60.9137,81.42857,81.04266,80.09479,80.09479,71.63461,74.03846,73.55769,75.48077,78.84615,77.88461
Control of Corruption: Percentile Rank,CC.PER.RNK,Sudan,SDN,23.35025,9.523809,9.00474,0.9478673,1.421801,3.365385,3.365385,3.846154,3.365385,5.769231,7.692307
Control of Corruption: Percentile Rank,CC.PER.RNK,Suriname,SUR,71.06599,46.66667,49.76303,45.97157,47.8673,39.90385,50.48077,46.15385,50,48.07692,40.38462
Control of Corruption: Percentile Rank,CC.PER.RNK,Sweden,SWE,98.98477,99.04762,98.5782,99.05213,98.5782,98.07692,98.55769,98.07692,98.07692,98.07692,98.55769
Control of Corruption: Percentile Rank,CC.PER.RNK,Switzerland,CHE,94.92386,96.66666,95.7346,97.63033,97.63033,97.59615,97.59615,95.67308,96.63461,96.63461,96.15385
Control of Corruption: Percentile Rank,CC.PER.RNK,Syrian Arab Republic,SYR,14.2132,12.85714,13.74408,9.952606,8.530806,2.403846,1.923077,2.403846,2.403846,1.442308,1.442308
Control of Corruption: Percentile Rank,CC.PER.RNK,"Taiwan, China",TWN,76.64975,73.80952,78.19905,73.93365,73.93365,76.92308,76.92308,79.32692,81.25,81.73077,82.69231
Control of Corruption: Percentile Rank,CC.PER.RNK,Tajikistan,TJK,5.583756,4.761905,8.056872,6.635071,7.109005,12.5,11.53846,12.01923,7.692307,6.25,9.134615
Control of Corruption: Percentile Rank,CC.PER.RNK,Tanzania,TZA,25.88832,35.23809,33.64929,25.59242,22.74882,25.48077,27.40385,35.09615,40.86538,39.42308,40.86538
Control of Corruption: Percentile Rank,CC.PER.RNK,Thailand,THA,51.26904,46.19048,47.39336,44.07583,45.97157,38.94231,37.01923,42.30769,42.78846,40.86538,39.42308
Control of Corruption: Percentile Rank,CC.PER.RNK,Timor-Leste,TLS,..,23.80952,22.27488,26.54029,28.90995,35.57692,36.53846,34.61538,34.61538,38.46154,41.34615
Control of Corruption: Percentile Rank,CC.PER.RNK,Togo,TGO,26.90355,17.14286,17.06161,16.11374,15.16588,18.26923,25.48077,28.36539,25.96154,25.48077,25.48077
Control of Corruption: Percentile Rank,CC.PER.RNK,Tonga,TON,40.10152,45.71429,46.4455,46.91943,47.39336,47.11538,38.94231,38.46154,51.44231,54.80769,41.82692
Control of Corruption: Percentile Rank,CC.PER.RNK,Trinidad and Tobago,TTO,63.95939,53.80952,54.9763,53.5545,51.18483,42.78846,47.11538,50,44.23077,44.23077,49.03846
Control of Corruption: Percentile Rank,CC.PER.RNK,Tunisia,TUN,48.22335,48.57143,56.39811,56.87204,56.87204,55.76923,55.76923,53.36538,53.84615,56.25,52.88462
Control of Corruption: Percentile Rank,CC.PER.RNK,Turkey,TUR,49.74619,58.57143,58.29384,62.55924,61.13744,52.88462,53.36538,50.48077,49.51923,43.75,44.71154
Control of Corruption: Percentile Rank,CC.PER.RNK,Turkmenistan,TKM,9.137055,1.428571,1.421801,1.895735,2.843602,6.730769,5.769231,4.326923,4.326923,8.173077,3.846154
Control of Corruption: Percentile Rank,CC.PER.RNK,Tuvalu,TUV,70.55837,49.04762,36.96682,45.49763,43.12796,57.21154,56.73077,58.65385,58.65385,58.65385,66.82692
Control of Corruption: Percentile Rank,CC.PER.RNK,Uganda,UGA,22.33503,18.57143,18.95735,17.06161,13.27014,12.98077,13.46154,12.98077,13.94231,14.42308,11.53846
Control of Corruption: Percentile Rank,CC.PER.RNK,Ukraine,UKR,8.629441,16.19048,15.63981,12.79621,11.37441,14.90385,14.90385,21.15385,22.11539,18.26923,26.44231
Control of Corruption: Percentile Rank,CC.PER.RNK,United Arab Emirates,ARE,61.42132,78.57143,81.99052,83.88625,87.20379,83.17308,82.69231,84.13461,82.69231,83.65385,83.65385
Control of Corruption: Percentile Rank,CC.PER.RNK,United Kingdom,GBR,95.93909,92.38095,92.41706,92.891,93.36493,93.26923,93.75,94.23077,94.71154,93.26923,93.75
Control of Corruption: Percentile Rank,CC.PER.RNK,United States,USA,92.38579,85.71429,85.78199,89.57346,87.67773,89.42308,89.90385,89.90385,88.94231,88.46154,84.61539
Control of Corruption: Percentile Rank,CC.PER.RNK,Uruguay,URY,82.74112,86.19048,86.25592,88.6256,89.57346,89.90385,89.42308,88.46154,88.46154,87.5,87.98077
Control of Corruption: Percentile Rank,CC.PER.RNK,Uzbekistan,UZB,13.19797,4.285714,3.791469,4.739336,8.056872,9.615385,8.653846,11.05769,12.01923,12.98077,14.42308
Control of Corruption: Percentile Rank,CC.PER.RNK,Vanuatu,VUT,46.70051,64.28571,65.87678,66.35071,64.45498,68.75,54.32692,54.80769,57.69231,50.48077,47.11538
Control of Corruption: Percentile Rank,CC.PER.RNK,"Venezuela, RB",VEN,30.45685,7.619048,10.42654,7.582938,5.687204,4.326923,4.326923,6.730769,7.211538,4.807693,4.326923
Control of Corruption: Percentile Rank,CC.PER.RNK,Vietnam,VNM,32.99492,31.42857,32.70142,36.01896,38.86256,40.86538,41.82692,37.5,31.25,37.98077,34.13462
Control of Corruption: Percentile Rank,CC.PER.RNK,Virgin Islands (U.S.),VIR,..,77.14286,75.82938,76.30331,76.77725,74.03846,72.59615,72.11539,73.07692,73.55769,72.59615
Control of Corruption: Percentile Rank,CC.PER.RNK,West Bank and Gaza,PSE,55.32995,54.76191,39.81042,50.23697,49.2891,49.51923,40.38462,51.92308,56.25,48.55769,46.63462
Control of Corruption: Percentile Rank,CC.PER.RNK,"Yemen, Rep.",YEM,13.70558,9.047619,6.635071,8.530806,9.00474,1.923077,2.884615,1.442308,1.442308,0.9615384,1.923077
Control of Corruption: Percentile Rank,CC.PER.RNK,Zambia,ZMB,28.93401,37.14286,42.65403,47.8673,46.4455,45.19231,45.67308,41.34615,34.13462,27.88461,28.36539
Control of Corruption: Percentile Rank,CC.PER.RNK,Zimbabwe,ZWE,16.24365,3.333333,2.843602,2.843602,3.317536,4.807693,6.730769,9.615385,9.615385,10.09615,10.09615
,,,,,,,,,,,,,,
,,,,,,,,,,,,,,
,,,,,,,,,,,,,,
Data from database: Worldwide Governance Indicators,,,,,,,,,,,,,,
Last Updated: 09/28/2020,,,,,,,,,,,,,,
