Series Name,Series Code,Country Name,Country Code,2011 [YR2011],2012 [YR2012],2013 [YR2013],2014 [YR2014],2015 [YR2015],2016 [YR2016],2017 [YR2017],2018 [YR2018],2019 [YR2019],2020 [YR2020]
Ratio of female to male labor force participation rate (%) (modeled ILO estimate),SL.TLF.CACT.FM.ZS,Afghanistan,AFG,19.5895371326682,20.2664693437509,21.622491259185,23.07292148994,24.6200696996542,26.2840635684821,28.0631556853817,28.6666579520661,28.9252325847449,29.1781708144314
Ratio of female to male labor force participation rate (%) (modeled ILO estimate),SL.TLF.CACT.FM.ZS,Albania,ALB,73.1632502874508,73.6203240094535,70.7199203213307,69.2918307787245,72.2262257052856,72.1490439616252,72.1710705215709,72.3054824987412,72.3454361704051,72.3739002946449
Ratio of female to male labor force participation rate (%) (modeled ILO estimate),SL.TLF.CACT.FM.ZS,Algeria,DZA,21.9300379200855,23.4411074834285,24.0492077020865,22.7581100188966,22.5204651337503,22.2615534428831,21.9160267479987,21.5594969832597,21.6470828861895,21.7143546529362
Ratio of female to male labor force participation rate (%) (modeled ILO estimate),SL.TLF.CACT.FM.ZS,American Samoa,ASM,..,..,..,..,..,..,..,..,..,..
Ratio of female to male labor force participation rate (%) (modeled ILO estimate),SL.TLF.CACT.FM.ZS,Andorra,AND,..,..,..,..,..,..,..,..,..,..
Ratio of female to male labor force participation rate (%) (modeled ILO estimate),SL.TLF.CACT.FM.ZS,Angola,AGO,95.9786895559767,95.9950432141307,96.0199671816476,96.0854944294502,96.1570055160603,96.1797587278962,96.2805555464429,96.4054590145976,96.4809342486454,96.5559184544899
Ratio of female to male labor force participation rate (%) (modeled ILO estimate),SL.TLF.CACT.FM.ZS,Antigua and Barbuda,ATG,..,..,..,..,..,..,..,..,..,..
Ratio of female to male labor force participation rate (%) (modeled ILO estimate),SL.TLF.CACT.FM.ZS,Argentina,ARG,65.0621927505415,65.5462900134458,65.1819821778528,64.7163446187494,65.7528214132469,66.817133414536,67.8793342668499,69.7989357071651,69.7387575007602,69.6677330022768
Ratio of female to male labor force participation rate (%) (modeled ILO estimate),SL.TLF.CACT.FM.ZS,Armenia,ARM,73.3846652866048,73.738104781299,74.1413232421038,73.9399598073781,73.432373891848,71.2746340463958,71.5745416102429,71.4936417462472,71.4465684747036,71.4344391869432
Ratio of female to male labor force participation rate (%) (modeled ILO estimate),SL.TLF.CACT.FM.ZS,Aruba,ABW,..,..,..,..,..,..,..,..,..,..
Ratio of female to male labor force participation rate (%) (modeled ILO estimate),SL.TLF.CACT.FM.ZS,Australia,AUS,81.6219573806744,81.9930410576114,82.2468068577795,82.6627066692313,83.0748347444549,83.8852419544146,84.4453543904416,84.9964099114366,85.1033750337968,85.2146480571831
Ratio of female to male labor force participation rate (%) (modeled ILO estimate),SL.TLF.CACT.FM.ZS,Austria,AUT,80.8102189271141,81.5268221034019,81.9300430268963,82.5421355495843,82.6390714550129,82.9588302622459,82.9182601014661,82.5289786946814,82.7046996879161,82.8701351150187
Ratio of female to male labor force participation rate (%) (modeled ILO estimate),SL.TLF.CACT.FM.ZS,Azerbaijan,AZE,90.2643545313423,90.338128912931,90.2296912453197,90.5808879766586,91.0225230599156,90.3288727222909,90.3534323345364,90.714638586872,90.928774885762,91.1598250875454
Ratio of female to male labor force participation rate (%) (modeled ILO estimate),SL.TLF.CACT.FM.ZS,"Bahamas, The",BHS,83.4960485888726,83.8989062781835,83.7777122989642,83.6797715770029,83.7218998414482,83.3624754866767,83.4177791583653,83.5580007249618,83.4581550427687,83.3415090658942
Ratio of female to male labor force participation rate (%) (modeled ILO estimate),SL.TLF.CACT.FM.ZS,Bahrain,BHR,49.6324160015553,49.7449591829276,49.9016996565321,50.0982122771568,50.3488675267213,50.5376817194257,50.8675222907978,51.3892040522224,51.5750077170009,51.6580821138093
Ratio of female to male labor force participation rate (%) (modeled ILO estimate),SL.TLF.CACT.FM.ZS,Bangladesh,BGD,36.718863242764,37.5714236185438,38.4482356509679,39.3472992578972,40.2674444935208,41.190027828223,44.0389055265138,44.3229012794716,44.5640679378637,44.8041248068151
Ratio of female to male labor force participation rate (%) (modeled ILO estimate),SL.TLF.CACT.FM.ZS,Barbados,BRB,86.682514438065,86.2781955490295,87.8028626985433,89.6640771662013,88.5444626945883,88.8979212451791,89.1785811374861,89.227051076008,89.3078919318429,89.3649859131532
Ratio of female to male labor force participation rate (%) (modeled ILO estimate),SL.TLF.CACT.FM.ZS,Belarus,BLR,82.7548246339072,82.7488514157465,82.7067207433029,82.6568386554267,82.602628208208,82.6716361487316,82.0052956359767,80.6018772873194,80.4609830147924,80.3395412608828
Ratio of female to male labor force participation rate (%) (modeled ILO estimate),SL.TLF.CACT.FM.ZS,Belgium,BEL,78.4344948767133,78.5121058288819,79.7139328514647,80.8497416023246,81.1984266244502,81.0101213077974,81.0231899565474,82.5360443589429,82.8089075151529,83.070605101424
Ratio of female to male labor force participation rate (%) (modeled ILO estimate),SL.TLF.CACT.FM.ZS,Belize,BLZ,58.08559588375,58.5039594685917,58.9357753053828,59.6425124720233,60.4845516467311,62.1361753291645,61.2567137970695,61.5808150837264,61.9133298929766,62.2593948616556
Ratio of female to male labor force participation rate (%) (modeled ILO estimate),SL.TLF.CACT.FM.ZS,Benin,BEN,92.3065410546425,92.4899836694202,92.7394169562766,93.0102361107084,93.262209055377,93.475262367566,93.7469243884777,94.063556715792,94.2794856966758,94.4925514834162
Ratio of female to male labor force participation rate (%) (modeled ILO estimate),SL.TLF.CACT.FM.ZS,Bermuda,BMU,..,..,..,..,..,..,..,..,..,..
Ratio of female to male labor force participation rate (%) (modeled ILO estimate),SL.TLF.CACT.FM.ZS,Bhutan,BTN,86.4649194488901,95.5789967594318,80.8451516310645,76.6997018779797,80.2369668844226,80.4211476915221,80.4044492886374,80.2240490859263,80.1475973360178,80.0233118940301
Ratio of female to male labor force participation rate (%) (modeled ILO estimate),SL.TLF.CACT.FM.ZS,Bolivia,BOL,75.0054815545689,72.3213601300607,73.5023628410309,74.3729891987582,68.3043108835646,72.464578920681,74.6865482844133,78.620872568968,78.4661226073985,78.3121765134397
Ratio of female to male labor force participation rate (%) (modeled ILO estimate),SL.TLF.CACT.FM.ZS,Bosnia and Herzegovina,BIH,59.8585670885364,59.5184181936434,60.9913016628001,62.4512746785814,62.2957273686095,60.7443462540259,62.1283398488367,60.9450594461667,60.9595202457915,60.9937815129383
Ratio of female to male labor force participation rate (%) (modeled ILO estimate),SL.TLF.CACT.FM.ZS,Botswana,BWA,80.7291167103274,81.8805673760599,83.4852585683266,83.5971955980738,83.6134200319972,83.9731884018705,84.3991736775059,84.9325423355973,85.0152120585266,85.077518823113
Ratio of female to male labor force participation rate (%) (modeled ILO estimate),SL.TLF.CACT.FM.ZS,Brazil,BRA,68.9081605890957,69.641805969189,69.6376403947344,69.8939913737554,70.8048483940049,71.1842862304494,72.6548038390454,73.1808481540017,73.1532240736018,73.1171470273519
Ratio of female to male labor force participation rate (%) (modeled ILO estimate),SL.TLF.CACT.FM.ZS,British Virgin Islands,VGB,..,..,..,..,..,..,..,..,..,..
Ratio of female to male labor force participation rate (%) (modeled ILO estimate),SL.TLF.CACT.FM.ZS,Brunei Darussalam,BRN,76.3417634264871,77.0726601432545,77.8365703458076,78.607247992075,79.3727240647785,80.1747629129451,80.9828648506799,81.1748763341793,81.35805435616,81.5760447929201
Ratio of female to male labor force participation rate (%) (modeled ILO estimate),SL.TLF.CACT.FM.ZS,Bulgaria,BGR,81.0864182745932,81.4763692906027,81.4463608131021,80.9420765413141,80.8669477296012,80.1456798988551,80.3235145494208,79.4777169854072,79.4395189898471,79.3873719064279
Ratio of female to male labor force participation rate (%) (modeled ILO estimate),SL.TLF.CACT.FM.ZS,Burkina Faso,BFA,73.8945263405308,74.8239478545287,75.8922086200383,77.1172901401286,77.312258022097,77.5033177226269,77.7221855167899,77.9757762755261,77.924787458044,77.873449013374
Ratio of female to male labor force participation rate (%) (modeled ILO estimate),SL.TLF.CACT.FM.ZS,Burundi,BDI,103.811381688958,103.887602949778,103.963281955819,104.045817574592,103.799160564731,103.606475981062,103.4702455196,103.393247930567,103.360359109685,103.341220848394
Ratio of female to male labor force participation rate (%) (modeled ILO estimate),SL.TLF.CACT.FM.ZS,Cabo Verde,CPV,68.4271461271638,69.9115937165185,71.4425593708082,72.9975005537027,74.5587756261098,76.1829293280039,77.8290490231845,78.6296557206325,78.9596767818221,79.3051919325532
Ratio of female to male labor force participation rate (%) (modeled ILO estimate),SL.TLF.CACT.FM.ZS,Cambodia,KHM,91.9783983779206,89.4345386541742,86.5003327340112,85.9708392369325,85.4656287121161,86.291482530894,86.1321509876349,85.9990537878593,85.8604026269477,85.7515273663987
Ratio of female to male labor force participation rate (%) (modeled ILO estimate),SL.TLF.CACT.FM.ZS,Cameroon,CMR,86.7661195274339,86.8175943832034,86.89968548283,87.0204471664913,87.1842389208974,87.3415286974296,87.5376394569248,87.7755669945007,87.679411895026,87.5819421624187
Ratio of female to male labor force participation rate (%) (modeled ILO estimate),SL.TLF.CACT.FM.ZS,Canada,CAN,86.4410080539868,86.8877870993444,87.1712312381984,86.7456240407798,86.2951177284346,86.7743627471386,87.1694731995127,87.5509656849219,87.6321643031098,87.7119734393425
Ratio of female to male labor force participation rate (%) (modeled ILO estimate),SL.TLF.CACT.FM.ZS,Cayman Islands,CYM,..,..,..,..,..,..,..,..,..,..
Ratio of female to male labor force participation rate (%) (modeled ILO estimate),SL.TLF.CACT.FM.ZS,Central African Republic,CAF,80.4409956269198,80.1494923917198,79.7942876556674,79.6960801165623,79.6866486729187,80.0133738010449,80.4099546488988,80.8642668446958,80.7761753567194,80.6899956717874
Ratio of female to male labor force participation rate (%) (modeled ILO estimate),SL.TLF.CACT.FM.ZS,Chad,TCD,80.5362447513315,80.7441621589366,80.9966373127329,81.3005054077767,81.6289761237381,81.8213288075199,82.0760951166922,82.4000822960965,82.4583835092441,82.5151679633553
Ratio of female to male labor force participation rate (%) (modeled ILO estimate),SL.TLF.CACT.FM.ZS,Channel Islands,CHI,73.2635749639837,73.9464116991722,74.7787242132894,75.1773644393263,75.9231101190712,76.6412925048455,76.839839663988,76.8495141048651,76.9598338342929,77.0537502897231
Ratio of female to male labor force participation rate (%) (modeled ILO estimate),SL.TLF.CACT.FM.ZS,Chile,CHL,64.9272229146993,65.5480858835031,66.3127322590666,67.2229807671721,67.0607783345337,67.8696505362888,68.7793154442064,69.8708429911871,70.0209549227825,70.1607985488422
Ratio of female to male labor force participation rate (%) (modeled ILO estimate),SL.TLF.CACT.FM.ZS,China,CHN,81.6261492910982,81.5404017059086,81.4915145960441,81.4092036258223,81.2806407504643,81.1269215926111,80.9200996285328,80.6645505824103,80.3079397229806,79.9641886596096
Ratio of female to male labor force participation rate (%) (modeled ILO estimate),SL.TLF.CACT.FM.ZS,Colombia,COL,68.8211438788133,70.2553363418587,70.6981816121114,70.6351753614915,71.2868176982761,71.2717162313339,71.2932858718188,70.7505844689609,70.8869975038634,71.019510180993
Ratio of female to male labor force participation rate (%) (modeled ILO estimate),SL.TLF.CACT.FM.ZS,Comoros,COM,69.9331563904513,70.3574033160199,70.8350121887399,71.239321512232,71.6384084869915,71.9857289832511,72.4494482483629,72.9968671325506,73.2455012725842,73.4985308368622
Ratio of female to male labor force participation rate (%) (modeled ILO estimate),SL.TLF.CACT.FM.ZS,"Congo, Dem. Rep.",COD,92.1370139218606,91.2499581484558,91.2514964540291,91.3402418297036,91.4650371331334,91.4453042710641,91.5502678352107,91.7790124832852,91.6406312428309,91.5054349646504
Ratio of female to male labor force participation rate (%) (modeled ILO estimate),SL.TLF.CACT.FM.ZS,"Congo, Rep.",COG,94.3190024988083,94.1150346238312,94.0021846949862,94.0493500780431,94.078642690398,94.1106933741083,94.2158552279471,94.4995708612095,94.5879239159323,94.6797139186043
Ratio of female to male labor force participation rate (%) (modeled ILO estimate),SL.TLF.CACT.FM.ZS,Costa Rica,CRI,60.3371210652529,65.0133571748018,64.8201504776916,64.0495264823257,64.0583483187979,60.6129815545324,60.751374651887,62.8011282389526,63.1451225961455,63.4879046600488
Ratio of female to male labor force participation rate (%) (modeled ILO estimate),SL.TLF.CACT.FM.ZS,Cote d'Ivoire,CIV,67.1771635476295,68.0878681873941,69.0427335580259,70.0433788180096,71.0907849693049,72.1970680516853,72.6852363808651,73.2004456182709,73.477267047081,73.7503261645913
Ratio of female to male labor force participation rate (%) (modeled ILO estimate),SL.TLF.CACT.FM.ZS,Croatia,HRV,74.4563464972175,75.408498648327,76.9552375317506,78.5298496033087,78.664501981136,78.0936051503193,77.764272941512,78.7871439660889,79.0502658178385,79.3054608165655
Ratio of female to male labor force participation rate (%) (modeled ILO estimate),SL.TLF.CACT.FM.ZS,Cuba,CUB,61.8650387637547,61.8323507266299,61.7871532436889,61.626219638697,61.9188148879164,61.8350493515511,61.3507601578388,61.1402057322175,60.9162866604989,60.7412761734244
Ratio of female to male labor force participation rate (%) (modeled ILO estimate),SL.TLF.CACT.FM.ZS,Curacao,CUW,..,..,..,..,..,..,..,..,..,..
Ratio of female to male labor force participation rate (%) (modeled ILO estimate),SL.TLF.CACT.FM.ZS,Cyprus,CYP,81.5211317320637,80.738388209261,81.3162075935406,84.1199395766703,85.842884644063,85.0075341511774,84.9916083345885,84.3047581216741,84.6208973697645,84.9092900452905
Ratio of female to male labor force participation rate (%) (modeled ILO estimate),SL.TLF.CACT.FM.ZS,Czech Republic,CZE,73.2567638725236,73.9581979729556,74.8158450038439,74.5702193636535,75.349108089215,75.870261713287,76.4212258736118,77.0194552891211,77.2290976583251,77.4371387349511
Ratio of female to male labor force participation rate (%) (modeled ILO estimate),SL.TLF.CACT.FM.ZS,Denmark,DNK,87.1668991615906,87.7570430847344,88.5506503510495,87.5450823145148,86.8573119544937,88.0020206808512,87.9759563944849,87.8705229950491,87.8750816633494,87.8716958146572
Ratio of female to male labor force participation rate (%) (modeled ILO estimate),SL.TLF.CACT.FM.ZS,Djibouti,DJI,70.6144119916282,71.1501007775727,71.5733559512086,72.0021792337817,72.4967674102281,72.7104943406702,73.1125378218793,73.6172068409759,73.7149657219573,73.8553743869553
Ratio of female to male labor force participation rate (%) (modeled ILO estimate),SL.TLF.CACT.FM.ZS,Dominica,DMA,..,..,..,..,..,..,..,..,..,..
Ratio of female to male labor force participation rate (%) (modeled ILO estimate),SL.TLF.CACT.FM.ZS,Dominican Republic,DOM,59.9007209934577,60.7562843871842,61.1876230675819,61.9007239593274,63.5824155063099,64.5820775282706,65.0299885442967,66.1575790730077,66.4169973870788,66.6735574911642
Ratio of female to male labor force participation rate (%) (modeled ILO estimate),SL.TLF.CACT.FM.ZS,Ecuador,ECU,61.4718786621428,63.0222275590527,62.2436853252549,60.6484995132093,64.3420446205334,68.54102402072,69.1095567299685,67.9410376382709,68.1074686204853,68.2803056655815
Ratio of female to male labor force participation rate (%) (modeled ILO estimate),SL.TLF.CACT.FM.ZS,"Egypt, Arab Rep.",EGY,29.0723824296366,29.5281038103817,30.6259548551615,31.1547423393648,30.6104357953728,31.3601246953954,30.7552418676511,30.7677094554801,30.9534562584118,31.1442788907752
Ratio of female to male labor force participation rate (%) (modeled ILO estimate),SL.TLF.CACT.FM.ZS,El Salvador,SLV,59.6732508373233,60.5487769883721,62.0983951986685,61.0090443259402,59.984058132582,60.696423455291,59.8038322287492,59.6964947623617,59.8362833021721,59.98972159493
Ratio of female to male labor force participation rate (%) (modeled ILO estimate),SL.TLF.CACT.FM.ZS,Equatorial Guinea,GNQ,80.0955281373807,80.5498531118384,80.8360260842899,80.9503398219575,81.010250877175,81.3462405465987,81.6852741755438,81.8179067234541,81.6647579814437,81.452013639498
Ratio of female to male labor force participation rate (%) (modeled ILO estimate),SL.TLF.CACT.FM.ZS,Eritrea,ERI,85.3142770200262,84.6984507492796,84.1291287718232,83.6065041604855,83.1537482547824,83.339539376389,83.4427104853546,83.5527972501412,83.6032015001364,83.6682836414359
Ratio of female to male labor force participation rate (%) (modeled ILO estimate),SL.TLF.CACT.FM.ZS,Estonia,EST,81.8298286760135,81.0696011424595,80.9979677729302,79.2281678468988,80.5440503814862,79.9150914744581,79.9658583858539,80.4638606206796,80.4162891347855,80.3612813739041
Ratio of female to male labor force participation rate (%) (modeled ILO estimate),SL.TLF.CACT.FM.ZS,Eswatini,SWZ,80.2741722661932,81.3423244943429,82.3957647387597,83.0534938482571,83.3490076840073,84.5186859595036,85.1519223584827,85.4591434924809,85.4649550378997,85.4397559408603
Ratio of female to male labor force participation rate (%) (modeled ILO estimate),SL.TLF.CACT.FM.ZS,Ethiopia,ETH,83.0761254269609,83.1696965130941,83.2632059290146,83.7476815109764,84.2361016647291,84.6458540526964,85.0760885061858,85.4952278253771,85.6404923844396,85.7780853424301
Ratio of female to male labor force participation rate (%) (modeled ILO estimate),SL.TLF.CACT.FM.ZS,Faroe Islands,FRO,..,..,..,..,..,..,..,..,..,..
Ratio of female to male labor force participation rate (%) (modeled ILO estimate),SL.TLF.CACT.FM.ZS,Fiji,FJI,56.4609813023802,55.6254028609768,54.8644421769355,54.1708041220017,52.0359295846926,49.9676414295161,49.9753195207875,49.9882665256461,50.313188184181,50.6335611897236
Ratio of female to male labor force participation rate (%) (modeled ILO estimate),SL.TLF.CACT.FM.ZS,Finland,FIN,87.1514277508366,88.0181203973223,88.4246600313537,88.9645543308593,89.1508845046199,88.3788227274247,88.1851309075369,88.4467110319451,88.4807176174138,88.4995552529567
Ratio of female to male labor force participation rate (%) (modeled ILO estimate),SL.TLF.CACT.FM.ZS,France,FRA,82.4522562515013,82.5303341263601,83.1904867900643,83.6542222592175,83.7386588126239,84.0820242032211,83.8806545229542,84.4344826843406,84.7193943860665,84.989847936368
Ratio of female to male labor force participation rate (%) (modeled ILO estimate),SL.TLF.CACT.FM.ZS,French Polynesia,PYF,76.5714200483557,77.4674019144467,77.5193927388108,77.5399412269837,77.8954796517786,78.1261121088991,78.1600430828809,78.3377554147881,78.6418139070556,78.861044658541
Ratio of female to male labor force participation rate (%) (modeled ILO estimate),SL.TLF.CACT.FM.ZS,Gabon,GAB,69.5702125966922,70.1413851290797,70.6103834030355,70.9369940535904,71.1889333293312,70.7353804858401,70.3002055973607,69.9544484950612,70.3928336772748,70.8168420956638
Ratio of female to male labor force participation rate (%) (modeled ILO estimate),SL.TLF.CACT.FM.ZS,"Gambia, The",GMB,73.5085468324608,73.9440680174788,74.2151815396759,74.3953460355805,74.6989778876119,74.7287023738578,74.8825979183678,75.1285920661398,75.2754152128262,75.4173460989878
Ratio of female to male labor force participation rate (%) (modeled ILO estimate),SL.TLF.CACT.FM.ZS,Georgia,GEO,72.4440123431677,71.8015987331925,70.623451316425,71.581705848538,72.9933132835871,71.045218535865,71.0757107645154,71.1123794692299,71.0320232404857,70.9475558504005
Ratio of female to male labor force participation rate (%) (modeled ILO estimate),SL.TLF.CACT.FM.ZS,Germany,DEU,80.3476673639031,80.5273952890258,81.3429038506323,81.7365123720062,82.2195287101632,82.6749825711184,82.972201302548,82.8595012432748,83.0391339270732,83.1916526734561
Ratio of female to male labor force participation rate (%) (modeled ILO estimate),SL.TLF.CACT.FM.ZS,Ghana,GHA,90.5428155762521,89.8444557822276,89.1278618867693,88.3957461530425,87.6492247515131,87.894200850386,88.2814466386542,88.66445236425,88.5076054635851,88.3462543360178
Ratio of female to male labor force participation rate (%) (modeled ILO estimate),SL.TLF.CACT.FM.ZS,Gibraltar,GIB,..,..,..,..,..,..,..,..,..,..
Ratio of female to male labor force participation rate (%) (modeled ILO estimate),SL.TLF.CACT.FM.ZS,Greece,GRC,70.6913483304603,72.0033187147123,72.1292708365112,73.3044967603902,74.8160669789034,75.2460377475866,74.6172818395638,73.7286147915981,73.885477782558,74.0434099285571
Ratio of female to male labor force participation rate (%) (modeled ILO estimate),SL.TLF.CACT.FM.ZS,Greenland,GRL,..,..,..,..,..,..,..,..,..,..
Ratio of female to male labor force participation rate (%) (modeled ILO estimate),SL.TLF.CACT.FM.ZS,Grenada,GRD,..,..,..,..,..,..,..,..,..,..
Ratio of female to male labor force participation rate (%) (modeled ILO estimate),SL.TLF.CACT.FM.ZS,Guam,GUM,69.7743587004833,69.6708537548127,69.5758780753816,69.4439407687967,69.3499772303481,69.2292630077553,69.0241362584952,68.8427476712706,68.670563171432,68.5161571186105
Ratio of female to male labor force participation rate (%) (modeled ILO estimate),SL.TLF.CACT.FM.ZS,Guatemala,GTM,47.9503565994502,52.5668211464798,48.6480971716114,48.3780779684981,45.6961772465483,47.8412472635804,45.9677622417843,46.2246689297739,46.2261866935657,46.2270604688167
Ratio of female to male labor force participation rate (%) (modeled ILO estimate),SL.TLF.CACT.FM.ZS,Guinea,GIN,98.679968514834,99.2696396064205,99.8563445324886,100.463858311213,101.075061110587,102.113470837699,103.232989987929,104.173598539581,104.1425120926,104.091554761707
Ratio of female to male labor force participation rate (%) (modeled ILO estimate),SL.TLF.CACT.FM.ZS,Guinea-Bissau,GNB,82.8066045990436,82.8588874269964,82.9603410278049,83.0594429914998,83.2081498171542,83.2891330914737,83.4137588350991,83.572487053234,83.7030999283553,83.8423721047912
Ratio of female to male labor force participation rate (%) (modeled ILO estimate),SL.TLF.CACT.FM.ZS,Guyana,GUY,54.6640533117707,56.1174885153896,57.5871628142898,59.0562873636879,60.5223682319275,62.0288371747515,63.5407151081666,63.8687601674273,64.1728519848838,64.4756861889839
Ratio of female to male labor force participation rate (%) (modeled ILO estimate),SL.TLF.CACT.FM.ZS,Haiti,HTI,83.7912673476798,84.0806672597978,84.719588353295,85.0407435926156,84.9995115814526,84.9595720897593,84.875376623568,84.8854067934118,84.9940980607495,85.1120068450951
Ratio of female to male labor force participation rate (%) (modeled ILO estimate),SL.TLF.CACT.FM.ZS,Honduras,HND,49.8483632171471,48.8682794362332,51.9581575485265,55.1107348309823,56.6532605778691,56.8835749442054,55.0340726945736,60.304560280375,60.501353858568,60.6981391773325
Ratio of female to male labor force participation rate (%) (modeled ILO estimate),SL.TLF.CACT.FM.ZS,"Hong Kong SAR, China",HKG,77.0264110550248,77.4786220275443,78.3094285163219,78.9057345996102,79.2101467978454,79.3736773324863,79.7937542813285,79.9422376664827,79.968000553328,80.0375899120516
Ratio of female to male labor force participation rate (%) (modeled ILO estimate),SL.TLF.CACT.FM.ZS,Hungary,HUN,74.9961574159591,75.5984810973148,74.6489384935132,74.6850341055751,74.56699239281,74.2645260795019,73.8828829207745,73.7192081942072,73.9950887584095,74.2419854572655
Ratio of female to male labor force participation rate (%) (modeled ILO estimate),SL.TLF.CACT.FM.ZS,Iceland,ISL,89.5783651264508,90.9978377436483,90.8259290072693,89.7449984710841,90.3024180170888,88.8891638220353,89.315088137438,89.3439134923408,89.4237955643869,89.5022398467101
Ratio of female to male labor force participation rate (%) (modeled ILO estimate),SL.TLF.CACT.FM.ZS,India,IND,30.3052649200476,28.7802977194207,28.4459650667948,28.1423995161236,27.8662433476648,27.6191967179952,27.395777414508,27.1937075353804,26.976511641643,26.7534086305534
Ratio of female to male labor force participation rate (%) (modeled ILO estimate),SL.TLF.CACT.FM.ZS,Indonesia,IDN,61.2564540254493,61.5338762376184,61.0186559511079,61.0793648866677,61.4742958387108,62.2413461089721,63.4684812411017,64.6203195702028,64.8226176299617,65.0062380840279
Ratio of female to male labor force participation rate (%) (modeled ILO estimate),SL.TLF.CACT.FM.ZS,"Iran, Islamic Rep.",IRN,21.6145232553645,20.8222970119558,20.080908622743,19.3916361545132,21.2122529907859,23.5253407763013,25.0290320063526,24.662512302179,24.5297790592124,24.3951835530619
Ratio of female to male labor force participation rate (%) (modeled ILO estimate),SL.TLF.CACT.FM.ZS,Iraq,IRQ,16.4764877677582,16.3733420730461,17.3384067274616,18.3823826145055,19.0860683374096,19.870291152092,15.2647894701573,15.3816091190262,15.6531240659573,15.9257966843634
Ratio of female to male labor force participation rate (%) (modeled ILO estimate),SL.TLF.CACT.FM.ZS,Ireland,IRL,79.5407829208977,79.7134965475333,80.2817717243618,79.7660303518377,79.3180380125622,80.4053952910077,81.0692979117206,81.6317012438928,81.8737677492376,82.1123175840732
Ratio of female to male labor force participation rate (%) (modeled ILO estimate),SL.TLF.CACT.FM.ZS,Isle of Man,IMN,..,..,..,..,..,..,..,..,..,..
Ratio of female to male labor force participation rate (%) (modeled ILO estimate),SL.TLF.CACT.FM.ZS,Israel,ISR,82.0135192273922,83.4898441583815,83.5193922966601,84.9067141104559,84.8607323836435,85.6860354852889,85.5489419046631,86.9805923751854,87.0833199771341,87.1848776952377
Ratio of female to male labor force participation rate (%) (modeled ILO estimate),SL.TLF.CACT.FM.ZS,Italy,ITA,65.0598486492872,66.6863812970693,67.3372406373265,68.0548673636657,67.2893536659134,67.9955301337075,68.6779314427442,68.9035487421168,69.0865598798891,69.2544852955699
Ratio of female to male labor force participation rate (%) (modeled ILO estimate),SL.TLF.CACT.FM.ZS,Jamaica,JAM,78.83332748072,79.4729176737626,80.4536171293959,79.960100922017,80.1963190040064,81.9455209324657,82.8394664133513,82.3185384472742,82.4943417536574,82.6503866731477
Ratio of female to male labor force participation rate (%) (modeled ILO estimate),SL.TLF.CACT.FM.ZS,Japan,JPN,67.6123904824756,68.0606645865516,69.1978738617666,69.8649900559705,70.4586284730028,71.3266560664301,72.4614841231106,73.737526916786,73.9870929651586,74.2212098834434
Ratio of female to male labor force participation rate (%) (modeled ILO estimate),SL.TLF.CACT.FM.ZS,Jordan,JOR,22.9930253831114,22.8324001386243,21.6972703169096,21.7516465381012,21.8650781054403,22.0027500252011,22.2027754318763,22.4546912616047,22.5691060034233,22.6813217091569
Ratio of female to male labor force participation rate (%) (modeled ILO estimate),SL.TLF.CACT.FM.ZS,Kazakhstan,KAZ,86.0777188991643,85.9570092395457,85.7996392995533,85.3437449398142,84.8747226259935,84.0543921987513,83.1817569729929,83.1165714158053,82.9813711212731,82.852848079072
Ratio of female to male labor force participation rate (%) (modeled ILO estimate),SL.TLF.CACT.FM.ZS,Kenya,KEN,88.9784897785542,89.50820150199,90.0278169881343,90.540065327544,91.0428770426088,91.5397525589689,92.3533659152532,93.2195454793987,93.2548932881058,93.2875833394838
Ratio of female to male labor force participation rate (%) (modeled ILO estimate),SL.TLF.CACT.FM.ZS,Kiribati,KIR,..,..,..,..,..,..,..,..,..,..
Ratio of female to male labor force participation rate (%) (modeled ILO estimate),SL.TLF.CACT.FM.ZS,"Korea, Dem. People's Rep.",PRK,84.2847327806168,84.2109401451282,84.1252687488413,84.0301695627679,83.9698712773865,83.9156445075185,83.831243018145,83.759003110023,83.6743815665754,83.5611465270074
Ratio of female to male labor force participation rate (%) (modeled ILO estimate),SL.TLF.CACT.FM.ZS,"Korea, Rep.",KOR,68.7971183825283,69.0563917511122,69.3826598634281,70.1160685730868,70.7962756284683,71.1947314213403,71.8082019675807,72.4092175977865,72.3536978330919,72.2639570827358
Ratio of female to male labor force participation rate (%) (modeled ILO estimate),SL.TLF.CACT.FM.ZS,Kosovo,XKX,..,..,..,..,..,..,..,..,..,..
Ratio of female to male labor force participation rate (%) (modeled ILO estimate),SL.TLF.CACT.FM.ZS,Kuwait,KWT,55.147264897728,55.5403998699798,56.2594103731275,56.8889242207393,57.3769916578055,57.1759271199779,57.2498940591841,56.9560984677534,56.7727832390455,56.5166082212535
Ratio of female to male labor force participation rate (%) (modeled ILO estimate),SL.TLF.CACT.FM.ZS,Kyrgyz Republic,KGZ,68.2979672869228,67.0689196231892,64.3484724502574,67.1544552592981,66.0567447397845,64.0821491977031,61.2291642515088,59.4606750267196,59.1113767684812,58.7624934965292
Ratio of female to male labor force participation rate (%) (modeled ILO estimate),SL.TLF.CACT.FM.ZS,Lao PDR,LAO,96.5845121941274,96.3443376926001,96.1126859868398,95.9024399446718,95.7185272261016,95.6895251072729,95.6641498570155,95.6432756940965,95.6752717745398,95.710062267107
Ratio of female to male labor force participation rate (%) (modeled ILO estimate),SL.TLF.CACT.FM.ZS,Latvia,LVA,80.8190502155447,81.1886825578235,81.2488631640246,80.0012022465162,80.047415757548,81.7868862501162,81.182910844825,81.4028174659077,81.4836992169112,81.5410277828056
Ratio of female to male labor force participation rate (%) (modeled ILO estimate),SL.TLF.CACT.FM.ZS,Lebanon,LBN,32.6279947539284,32.4530908725778,32.1600445650082,31.8492921926213,31.6023794737304,31.7003884408476,31.8101108067817,31.9789163547625,32.0319274279123,32.0879921941036
Ratio of female to male labor force participation rate (%) (modeled ILO estimate),SL.TLF.CACT.FM.ZS,Lesotho,LSO,78.7010449573952,78.2046765234761,77.6983330868865,78.1458292548078,78.640240978977,78.9094568968947,79.1261314375936,79.4391027607779,79.22016095481,78.9954658996511
Ratio of female to male labor force participation rate (%) (modeled ILO estimate),SL.TLF.CACT.FM.ZS,Liberia,LBR,86.5067645361916,86.693782251516,86.9660722442019,87.2384862791326,87.5533675782237,88.5794596255516,88.938789586344,89.3203417894713,89.3853508239208,89.4452133260741
Ratio of female to male labor force participation rate (%) (modeled ILO estimate),SL.TLF.CACT.FM.ZS,Libya,LBY,53.3219798598468,53.1429550205794,52.9397115821862,52.7145193647986,52.4704175177018,52.3483023373649,52.2368600262476,52.1327564420013,51.981323811562,51.8021922672025
Ratio of female to male labor force participation rate (%) (modeled ILO estimate),SL.TLF.CACT.FM.ZS,Liechtenstein,LIE,..,..,..,..,..,..,..,..,..,..
Ratio of female to male labor force participation rate (%) (modeled ILO estimate),SL.TLF.CACT.FM.ZS,Lithuania,LTU,83.472959137298,84.2335931827602,82.7051823845393,82.9150098255314,83.9257152939246,84.1747178318662,84.0385992305442,83.6523178476423,83.4632417809715,83.2198814527487
Ratio of female to male labor force participation rate (%) (modeled ILO estimate),SL.TLF.CACT.FM.ZS,Luxembourg,LUX,76.6489849901029,78.2063648403803,77.9817218607803,78.6589623224626,82.1797384913177,82.0396840263985,84.94394819571,85.9832780231014,86.2478452082441,86.498870190453
Ratio of female to male labor force participation rate (%) (modeled ILO estimate),SL.TLF.CACT.FM.ZS,"Macao SAR, China",MAC,86.0435779498019,85.1260411481724,86.6163429766335,85.8563014732826,86.3155046803996,87.0272579083146,85.7040055293423,85.1209410925291,84.9391845260332,84.7522762918664
Ratio of female to male labor force participation rate (%) (modeled ILO estimate),SL.TLF.CACT.FM.ZS,Madagascar,MDG,95.8286924261321,95.9812809189589,95.1438079395518,94.2213309776858,93.1901313674093,93.3762390881172,93.5533156398737,93.7269986286955,93.7417058281681,93.7532326309677
Ratio of female to male labor force participation rate (%) (modeled ILO estimate),SL.TLF.CACT.FM.ZS,Malawi,MWI,88.6994572994802,88.1445282047544,87.6155857782436,87.9915219707169,88.3696559163253,88.8228542596659,89.2680607714199,89.7210570171182,89.508279288416,89.2933998138952
Ratio of female to male labor force participation rate (%) (modeled ILO estimate),SL.TLF.CACT.FM.ZS,Malaysia,MYS,58.6880484194186,59.9124361048636,63.0964772739835,64.6176250506824,65.0344066022452,65.577590251581,65.6492457696396,65.6710772370224,65.8193079635654,65.9578316498915
Ratio of female to male labor force participation rate (%) (modeled ILO estimate),SL.TLF.CACT.FM.ZS,Maldives,MDV,57.3166551247043,57.3773977915395,57.3855765591498,57.3723482615353,54.667476456513,52.3705006431789,51.63317866767,49.9441399513965,49.4307053179672,48.8947046640329
Ratio of female to male labor force participation rate (%) (modeled ILO estimate),SL.TLF.CACT.FM.ZS,Mali,MLI,73.3887409080267,73.1878614856424,73.0877288913105,73.072449677239,75.4558256048099,75.5805906204524,75.755360037487,75.9892387090767,75.9778222953828,75.9672984034877
Ratio of female to male labor force participation rate (%) (modeled ILO estimate),SL.TLF.CACT.FM.ZS,Malta,MLT,52.9194046131277,58.1171559871023,60.4020735635156,62.1698095309611,62.9672720830724,64.9471855446464,66.4675174436943,68.5516911314634,68.6653781112595,68.7822916427438
Ratio of female to male labor force participation rate (%) (modeled ILO estimate),SL.TLF.CACT.FM.ZS,Marshall Islands,MHL,..,..,..,..,..,..,..,..,..,..
Ratio of female to male labor force participation rate (%) (modeled ILO estimate),SL.TLF.CACT.FM.ZS,Mauritania,MRT,43.8554178791029,44.2747728953065,44.5099073624425,44.7649998905508,45.0087107187553,45.1387782199706,45.3625864505574,45.65079642055,45.7537074646586,45.858529695084
Ratio of female to male labor force participation rate (%) (modeled ILO estimate),SL.TLF.CACT.FM.ZS,Mauritius,MUS,57.4741172129198,57.9303261380171,60.3169628804175,60.4342447980581,62.2345743478633,61.3151099900104,61.5668246702296,62.4483472000231,62.7227902948294,62.9765549974341
Ratio of female to male labor force participation rate (%) (modeled ILO estimate),SL.TLF.CACT.FM.ZS,Mexico,MEX,54.6407717819181,55.7802075148712,56.0971284731872,54.9895127884393,55.5364255630791,55.7676188151041,55.4110899811071,56.1398335509059,56.3210618134389,56.4983147306296
Ratio of female to male labor force participation rate (%) (modeled ILO estimate),SL.TLF.CACT.FM.ZS,"Micronesia, Fed. Sts.",FSM,..,..,..,..,..,..,..,..,..,..
Ratio of female to male labor force participation rate (%) (modeled ILO estimate),SL.TLF.CACT.FM.ZS,Moldova,MDA,85.5038007497664,86.8100730098432,86.0341922036265,85.679421072712,87.332557558497,87.0839857405828,85.8807330429795,88.6956375885509,88.0542813075112,87.4270915101502
Ratio of female to male labor force participation rate (%) (modeled ILO estimate),SL.TLF.CACT.FM.ZS,Monaco,MCO,..,..,..,..,..,..,..,..,..,..
Ratio of female to male labor force participation rate (%) (modeled ILO estimate),SL.TLF.CACT.FM.ZS,Mongolia,MNG,81.1740236743715,82.4812146192819,81.1316189801668,80.7892044773824,79.9997036753453,79.6180195783583,79.9038645324607,80.3356343929773,80.2964550164094,80.2655462704537
Ratio of female to male labor force participation rate (%) (modeled ILO estimate),SL.TLF.CACT.FM.ZS,Montenegro,MNE,74.3406777613896,76.4835981453651,75.9901885670936,76.8491488377131,78.4186699427708,76.3785649239649,75.4076846378517,73.8411604041905,74.045049619381,74.2299080044901
Ratio of female to male labor force participation rate (%) (modeled ILO estimate),SL.TLF.CACT.FM.ZS,Morocco,MAR,33.8050527580514,33.0793366443084,33.1018982377832,32.4168653737124,31.7663797345018,31.1080346190934,30.4874255708363,30.6806368766898,30.6092186677217,30.5401402665791
Ratio of female to male labor force participation rate (%) (modeled ILO estimate),SL.TLF.CACT.FM.ZS,Mozambique,MOZ,100.36013365739,99.6357934376733,98.880949202622,98.0915035978054,97.2631234986593,97.4755954056693,97.7369789529896,98.0287056635798,97.8178607893529,97.6034272648467
Ratio of female to male labor force participation rate (%) (modeled ILO estimate),SL.TLF.CACT.FM.ZS,Myanmar,MMR,64.9783110900732,64.7806175913445,64.5809806134791,64.3955706848407,64.2252050829621,62.8944226406775,61.6157723710675,61.4821508148182,61.3965714125666,61.307467664288
Ratio of female to male labor force participation rate (%) (modeled ILO estimate),SL.TLF.CACT.FM.ZS,Namibia,NAM,84.2407038847844,85.0235534919259,89.9461424632274,88.3429424787664,86.1627575296751,84.1360616730466,85.8781703475711,88.1535833642778,88.5648411784668,88.9784446945301
Ratio of female to male labor force participation rate (%) (modeled ILO estimate),SL.TLF.CACT.FM.ZS,Nauru,NRU,..,..,..,..,..,..,..,..,..,..
Ratio of female to male labor force participation rate (%) (modeled ILO estimate),SL.TLF.CACT.FM.ZS,Nepal,NPL,91.6011708642974,92.4376708226203,93.4454635652703,94.5241183355895,95.5965419806364,96.3510996223338,96.9208934115531,97.316251536552,97.2927320385726,97.2420282209901
Ratio of female to male labor force participation rate (%) (modeled ILO estimate),SL.TLF.CACT.FM.ZS,Netherlands,NLD,82.5933032062548,82.8914828770925,82.8865919575209,82.1513309783665,83.0500954776544,83.4277609519235,83.9182748963165,84.0925467717243,84.3376812440895,84.5613433630601
Ratio of female to male labor force participation rate (%) (modeled ILO estimate),SL.TLF.CACT.FM.ZS,New Caledonia,NCL,85.9829860724355,85.8349373256597,85.6340540364026,85.3751139946857,85.2797191675174,85.1362028785345,84.8568389105127,84.6670730238042,84.4658358064681,84.2640130297358
Ratio of female to male labor force participation rate (%) (modeled ILO estimate),SL.TLF.CACT.FM.ZS,New Zealand,NZL,83.0690250589495,83.8654356413483,84.4234192610591,84.7592590802944,84.764279141873,85.2228633427838,85.3068838529222,85.9612865372846,85.9786340492281,85.9965459262471
Ratio of female to male labor force participation rate (%) (modeled ILO estimate),SL.TLF.CACT.FM.ZS,Nicaragua,NIC,57.0796155609557,57.4095738708649,57.7554071610885,58.109149827689,58.7062164157369,59.2544116784632,59.803501327148,58.6685175445663,58.9668978376529,59.2533601824006
Ratio of female to male labor force participation rate (%) (modeled ILO estimate),SL.TLF.CACT.FM.ZS,Niger,NER,75.2709619204729,74.1016323031179,73.0932298095162,72.3084358801704,72.3897722011494,72.4179701163544,72.4781916108896,72.565643433928,72.4097958178797,72.251434012576
Ratio of female to male labor force participation rate (%) (modeled ILO estimate),SL.TLF.CACT.FM.ZS,Nigeria,NGA,85.5159474051332,84.6185930582347,83.8630519438425,83.34762719538,82.9191712069553,82.6416335926114,82.7856624841325,83.0884588077503,82.7162015515321,82.3495800266405
Ratio of female to male labor force participation rate (%) (modeled ILO estimate),SL.TLF.CACT.FM.ZS,North Macedonia,MKD,64.2093732977403,63.8144084239506,65.9551712406441,64.5848643095971,64.343993532179,62.49981139609,63.0444037785639,63.6955988033661,63.82858615582,63.9309813210798
Ratio of female to male labor force participation rate (%) (modeled ILO estimate),SL.TLF.CACT.FM.ZS,Northern Mariana Islands,MNP,..,..,..,..,..,..,..,..,..,..
Ratio of female to male labor force participation rate (%) (modeled ILO estimate),SL.TLF.CACT.FM.ZS,Norway,NOR,89.6064455480961,89.2672910761599,89.9517763845991,90.1185353921203,89.6324421576518,89.7236347606656,90.0888008914304,89.7015399422522,89.8470022107441,89.9831323489883
Ratio of female to male labor force participation rate (%) (modeled ILO estimate),SL.TLF.CACT.FM.ZS,Oman,OMN,33.0595018636,33.2704982542428,33.5605802661039,33.9168100789692,34.3141909761261,34.8577878320026,34.8791160658977,34.6313957564501,34.4691041972748,34.2770218064455
Ratio of female to male labor force participation rate (%) (modeled ILO estimate),SL.TLF.CACT.FM.ZS,Pakistan,PAK,27.7413918395818,27.8952896269626,28.0709162245386,28.7006074467552,29.5214425112269,28.4635207146151,27.4503787819548,26.4827110361434,26.8145304678326,27.1455671549206
Ratio of female to male labor force participation rate (%) (modeled ILO estimate),SL.TLF.CACT.FM.ZS,Palau,PLW,..,..,..,..,..,..,..,..,..,..
Ratio of female to male labor force participation rate (%) (modeled ILO estimate),SL.TLF.CACT.FM.ZS,Panama,PAN,57.3224158039956,59.5848040334981,61.2717912367567,61.9773475581927,64.0415239942983,64.3185340206416,64.5240493967563,66.7775187112604,66.8635679264471,66.9477299120225
Ratio of female to male labor force participation rate (%) (modeled ILO estimate),SL.TLF.CACT.FM.ZS,Papua New Guinea,PNG,95.7230524097731,95.8400167659253,95.9397014154941,96.3529275152588,96.6862405416201,96.7856065472001,96.7581577923461,96.6732373245139,96.4033034879025,96.1340206185567
Ratio of female to male labor force participation rate (%) (modeled ILO estimate),SL.TLF.CACT.FM.ZS,Paraguay,PRY,66.9849130812982,71.6615335814226,70.3153991494383,67.6273393467337,67.4589984441261,66.9732452401045,67.2208452518064,69.7096433784806,69.995034933114,70.2777487222145
Ratio of female to male labor force participation rate (%) (modeled ILO estimate),SL.TLF.CACT.FM.ZS,Peru,PER,83.2193222891888,83.0037463016199,82.8971669005919,82.291984211756,81.0058108639158,82.0820691481238,82.1219122843318,82.5330000087293,82.5446602704711,82.5901287703073
Ratio of female to male labor force participation rate (%) (modeled ILO estimate),SL.TLF.CACT.FM.ZS,Philippines,PHL,64.2901893085487,64.1732395984821,64.4684786953426,65.0160166009349,65.4679790818994,64.0168732770247,61.3446937690376,62.7657829880146,62.9282760087327,63.0743192776519
Ratio of female to male labor force participation rate (%) (modeled ILO estimate),SL.TLF.CACT.FM.ZS,Poland,POL,74.943393614485,75.1745456803826,74.9341284238878,75.0214472987857,74.8407463922307,74.410831420725,74.0765965628163,74.343039480364,74.2892526459111,74.2749525104945
Ratio of female to male labor force participation rate (%) (modeled ILO estimate),SL.TLF.CACT.FM.ZS,Portugal,PRT,81.686663170156,82.6968787717402,83.2966390589477,83.4414353641923,83.755907873729,83.346569528635,83.6674123860372,84.4910367268948,84.5713290399882,84.617920655208
Ratio of female to male labor force participation rate (%) (modeled ILO estimate),SL.TLF.CACT.FM.ZS,Puerto Rico,PRI,64.7177582442953,64.7508532638965,64.7919170274274,64.8332308209705,64.8727347381483,65.2070058815851,65.4785774492697,65.7904913715758,65.8750017484029,65.9078820165201
Ratio of female to male labor force participation rate (%) (modeled ILO estimate),SL.TLF.CACT.FM.ZS,Qatar,QAT,55.6201667932683,57.4791392572982,59.188090357549,60.6645032028671,61.9062610767141,61.3340081408556,60.7862027107735,60.2782216597683,59.9714966861304,59.6703334160762
Ratio of female to male labor force participation rate (%) (modeled ILO estimate),SL.TLF.CACT.FM.ZS,Romania,ROU,73.4976393644075,72.7414200942854,72.3189898697699,72.0288429831688,70.1546263536986,69.827882741823,70.9405376183941,70.3058265148135,69.9996888655223,69.6922153902257
Ratio of female to male labor force participation rate (%) (modeled ILO estimate),SL.TLF.CACT.FM.ZS,Russian Federation,RUS,79.5642729586139,79.3601837923336,78.727490700177,78.4114555684176,77.8855493307854,77.8683246269056,77.7693257578006,78.1095810850127,78.0406527428698,77.9993361179194
Ratio of female to male labor force participation rate (%) (modeled ILO estimate),SL.TLF.CACT.FM.ZS,Rwanda,RWA,99.1530295057305,99.3131642157411,99.484447337963,99.6588663640856,99.8916213135301,100.149235908324,100.352860881629,100.583806272021,100.684971563549,100.788778992762
Ratio of female to male labor force participation rate (%) (modeled ILO estimate),SL.TLF.CACT.FM.ZS,Samoa,WSM,56.5036573813237,56.452823659958,56.2907313755515,56.2285033539063,56.1257217529005,56.2810567201159,56.2571772786545,56.1517313273071,56.0877080435932,56.0610697001476
Ratio of female to male labor force participation rate (%) (modeled ILO estimate),SL.TLF.CACT.FM.ZS,San Marino,SMR,..,..,..,..,..,..,..,..,..,..
Ratio of female to male labor force participation rate (%) (modeled ILO estimate),SL.TLF.CACT.FM.ZS,Sao Tome and Principe,STP,54.4835443505942,54.4989775969084,54.5082628507193,54.5708132016654,54.7218669954956,54.9941217843028,55.3289866619126,55.7239046064744,55.6958449705448,55.6548863060455
Ratio of female to male labor force participation rate (%) (modeled ILO estimate),SL.TLF.CACT.FM.ZS,Saudi Arabia,SAU,25.9936445617254,26.4483366295337,25.9182554897734,26.3095402111697,27.9370910409309,29.3298094353821,28.6871485480109,28.1222777298164,28.2179851300211,28.2921500013189
Ratio of female to male labor force participation rate (%) (modeled ILO estimate),SL.TLF.CACT.FM.ZS,Senegal,SEN,54.4439685947238,55.6858960119309,56.989190401249,58.3739390093506,59.8368546884935,60.0545707786965,60.3760851837453,60.7744719468787,60.9382069980999,61.1018279803292
Ratio of female to male labor force participation rate (%) (modeled ILO estimate),SL.TLF.CACT.FM.ZS,Serbia,SRB,71.8699521012322,71.9778829504055,72.6188304851023,73.2916090545702,73.2112435631602,74.6917484093715,75.5447552104266,75.3738060887569,75.4768356294296,75.5559824445425
Ratio of female to male labor force participation rate (%) (modeled ILO estimate),SL.TLF.CACT.FM.ZS,Seychelles,SYC,..,..,..,..,..,..,..,..,..,..
Ratio of female to male labor force participation rate (%) (modeled ILO estimate),SL.TLF.CACT.FM.ZS,Sierra Leone,SLE,96.8767439580632,96.8320944834683,96.8016001241529,96.7938672146139,96.2232311134703,96.8623976560417,97.4502457459216,98.0648697256999,97.982526052435,97.9083935941761
Ratio of female to male labor force participation rate (%) (modeled ILO estimate),SL.TLF.CACT.FM.ZS,Singapore,SGP,74.9684567629896,75.8030564774028,76.4528635231226,77.6818597556118,78.8490139797562,79.2851977147908,78.6720849040948,79.19420060142,79.1463434241072,79.0955949426207
Ratio of female to male labor force participation rate (%) (modeled ILO estimate),SL.TLF.CACT.FM.ZS,Sint Maarten (Dutch part),SXM,..,..,..,..,..,..,..,..,..,..
Ratio of female to male labor force participation rate (%) (modeled ILO estimate),SL.TLF.CACT.FM.ZS,Slovak Republic,SVK,73.9114433621267,74.3903325873585,75.1290756203688,75.0767331541679,76.6824892372733,77.3556939662774,77.9756858195376,77.2768223915942,77.3731475454419,77.465861596934
Ratio of female to male labor force participation rate (%) (modeled ILO estimate),SL.TLF.CACT.FM.ZS,Slovenia,SVN,81.7261428238345,82.5412828736671,81.7585927845031,82.6853765840916,82.6498700139723,84.6338933787418,84.7276959275753,84.0111774538423,84.1941823249229,84.3594189949675
Ratio of female to male labor force participation rate (%) (modeled ILO estimate),SL.TLF.CACT.FM.ZS,Solomon Islands,SLB,96.1100485057797,96.1180044392088,96.1234686860305,96.1174485367069,96.0974512197002,96.0803058676738,96.0472227077039,96.006358111367,95.9614712510749,95.914236761764
Ratio of female to male labor force participation rate (%) (modeled ILO estimate),SL.TLF.CACT.FM.ZS,Somalia,SOM,27.4990291546573,27.7465532089927,28.1127003088867,28.4884837165091,28.810517015345,29.0863324169479,29.3330995163538,29.557569680676,29.5544069832642,29.548692984064
Ratio of female to male labor force participation rate (%) (modeled ILO estimate),SL.TLF.CACT.FM.ZS,South Africa,ZAF,75.8658097640569,75.6266593577706,77.0920600568647,77.2508036078566,77.6986791964872,77.5625683633831,78.5638507830743,78.8522499522412,79.0610211733357,79.2724186231711
Ratio of female to male labor force participation rate (%) (modeled ILO estimate),SL.TLF.CACT.FM.ZS,South Sudan,SSD,93.1711829049064,93.4473785941316,93.8153982452596,94.2564462028012,94.7776249553472,95.1334036042539,95.5068440200255,95.9196110237473,96.1074309019153,96.2936838073789
Ratio of female to male labor force participation rate (%) (modeled ILO estimate),SL.TLF.CACT.FM.ZS,Spain,ESP,78.6636604004902,80.0542194973872,80.8095135209799,81.0934022985993,81.3064206209696,81.8518259695075,81.6572995445602,81.4860105648623,81.7496727716415,81.9996522786352
Ratio of female to male labor force participation rate (%) (modeled ILO estimate),SL.TLF.CACT.FM.ZS,Sri Lanka,LKA,45.3111815301041,43.2341658385823,46.4271185490343,45.7254687347677,47.128405214216,46.9955815713785,47.1860165290591,47.5215396773876,47.506434284079,47.5007372486783
Ratio of female to male labor force participation rate (%) (modeled ILO estimate),SL.TLF.CACT.FM.ZS,St. Kitts and Nevis,KNA,..,..,..,..,..,..,..,..,..,..
Ratio of female to male labor force participation rate (%) (modeled ILO estimate),SL.TLF.CACT.FM.ZS,St. Lucia,LCA,77.2144263092147,77.4390262564465,77.3287772809302,77.5426289093425,77.7244614667188,78.4313457604086,79.0470142666408,79.0602207592242,79.3837228665869,79.6927510063451
Ratio of female to male labor force participation rate (%) (modeled ILO estimate),SL.TLF.CACT.FM.ZS,St. Martin (French part),MAF,..,..,..,..,..,..,..,..,..,..
Ratio of female to male labor force participation rate (%) (modeled ILO estimate),SL.TLF.CACT.FM.ZS,St. Vincent and the Grenadines,VCT,67.5194150003079,67.894279445076,68.3299179546969,68.6035020604823,68.8797222062396,69.3894128240274,69.7516727218122,70.3673944624829,70.589531947903,70.8058620305803
Ratio of female to male labor force participation rate (%) (modeled ILO estimate),SL.TLF.CACT.FM.ZS,Sudan,SDN,39.6402387285863,39.979542498638,40.372581767101,40.8045725744153,41.2614489964032,41.6872338311291,42.1414393996244,42.6186529622767,42.674899540952,42.7288062419366
Ratio of female to male labor force participation rate (%) (modeled ILO estimate),SL.TLF.CACT.FM.ZS,Suriname,SUR,61.6111053519923,62.0053232582651,62.4274921346462,62.2861166417514,61.3648722131593,59.9965807897569,60.2023677267872,60.4854860901914,60.8673097911923,61.2377904672837
Ratio of female to male labor force participation rate (%) (modeled ILO estimate),SL.TLF.CACT.FM.ZS,Sweden,SWE,88.2330296005844,88.7757280515935,89.0144375826228,89.3186834294267,90.0959197025095,90.0593298037293,90.1201525585695,90.4286984345369,90.5822977913755,90.7261420323695
Ratio of female to male labor force participation rate (%) (modeled ILO estimate),SL.TLF.CACT.FM.ZS,Switzerland,CHE,81.2057763954771,81.9324536756013,82.6924878858459,83.6890855884772,84.0806784443347,84.5137822928863,84.249619644054,85.0358776504844,85.2889351121807,85.5358082540088
Ratio of female to male labor force participation rate (%) (modeled ILO estimate),SL.TLF.CACT.FM.ZS,Syrian Arab Republic,SYR,18.1549158241416,18.3482217875643,18.6237426499352,18.9311852466974,19.1997708558362,19.3485764985767,19.5330157798974,19.6579586113334,19.4902784128258,19.3228170438379
Ratio of female to male labor force participation rate (%) (modeled ILO estimate),SL.TLF.CACT.FM.ZS,Tajikistan,TJK,54.3517353888384,55.4434551638036,56.6245993578497,57.9135686453932,59.3182537836488,60.8455327655173,60.0167856282364,59.2895502024759,59.2118723048962,59.1696296948069
Ratio of female to male labor force participation rate (%) (modeled ILO estimate),SL.TLF.CACT.FM.ZS,Tanzania,TZA,93.5786661075883,92.7190466974271,91.7699483705185,90.7284129749646,90.8043639377334,90.9230677650386,91.0567177547935,91.208329988447,91.1000993573657,90.9925585438569
Ratio of female to male labor force participation rate (%) (modeled ILO estimate),SL.TLF.CACT.FM.ZS,Thailand,THA,81.4623176829991,80.5789098878467,78.6364709970208,78.2533385890868,78.3883924772693,78.2678997503558,77.9311904430524,77.8831597247902,77.8128277315248,77.7354107067002
Ratio of female to male labor force participation rate (%) (modeled ILO estimate),SL.TLF.CACT.FM.ZS,Timor-Leste,TLS,85.9707568041974,86.0549792106638,85.5557942156344,84.8894278948677,85.1167110757715,85.091646490579,84.9139561999036,84.9604513523978,85.0950886238711,85.2028162706523
Ratio of female to male labor force participation rate (%) (modeled ILO estimate),SL.TLF.CACT.FM.ZS,Togo,TGO,95.0999911820262,95.2246104221087,95.3985953823861,95.625978719362,95.9063424594084,96.1901122244769,96.5117325880945,96.8930153991997,96.6314524643064,96.3710565002113
Ratio of female to male labor force participation rate (%) (modeled ILO estimate),SL.TLF.CACT.FM.ZS,Tonga,TON,60.5130336588074,60.6647468533063,60.7352993964899,60.9349485378744,61.1501691948604,61.3308137673072,61.4489410476958,61.4663018748593,61.5265624802754,61.607849155495
Ratio of female to male labor force participation rate (%) (modeled ILO estimate),SL.TLF.CACT.FM.ZS,Trinidad and Tobago,TTO,69.0662974846458,70.704439104591,71.0832296535619,71.3480975435937,69.3938650915884,71.4421502038683,70.9531586861983,70.9934770625312,71.2737957626278,71.5288897342619
Ratio of female to male labor force participation rate (%) (modeled ILO estimate),SL.TLF.CACT.FM.ZS,Tunisia,TUN,34.7752451405859,35.5548328624382,35.7463407136645,35.4959726828169,35.1699144074126,34.8504088494656,34.5877038687119,34.3715901091647,34.2445247750673,34.1074738211217
Ratio of female to male labor force participation rate (%) (modeled ILO estimate),SL.TLF.CACT.FM.ZS,Turkey,TUR,40.1648045218662,41.3680455684513,42.7688134700693,42.4609821890402,43.9077479377353,45.0614688907863,46.1971919523546,46.8458283432966,46.8589000285054,46.8630410423288
Ratio of female to male labor force participation rate (%) (modeled ILO estimate),SL.TLF.CACT.FM.ZS,Turkmenistan,TKM,66.8681924525761,66.657148696799,66.4417815081325,66.2334112215861,66.0722305931265,65.9500077196353,65.85521672106,65.7817162978793,65.6413201721126,65.5052540705041
Ratio of female to male labor force participation rate (%) (modeled ILO estimate),SL.TLF.CACT.FM.ZS,Turks and Caicos Islands,TCA,..,..,..,..,..,..,..,..,..,..
Ratio of female to male labor force participation rate (%) (modeled ILO estimate),SL.TLF.CACT.FM.ZS,Tuvalu,TUV,..,..,..,..,..,..,..,..,..,..
Ratio of female to male labor force participation rate (%) (modeled ILO estimate),SL.TLF.CACT.FM.ZS,Uganda,UGA,86.8468607582049,87.1596803922797,87.5386527028858,87.9870988763538,88.4808879254787,89.0538077982331,89.6886454053082,90.4228131036141,90.6346007982476,90.8282705398276
Ratio of female to male labor force participation rate (%) (modeled ILO estimate),SL.TLF.CACT.FM.ZS,Ukraine,UKR,75.7009927574562,74.179841888989,75.1510568289845,74.3384365713853,74.4902928354993,74.2496548074946,74.1588268674015,74.1729707347917,74.0672601714879,73.9785364504899
Ratio of female to male labor force participation rate (%) (modeled ILO estimate),SL.TLF.CACT.FM.ZS,United Arab Emirates,ARE,48.0159648876158,49.3617053978244,50.7506238166465,52.129315135471,53.4496959842057,54.7159163104093,56.2098088785948,56.0856195851554,56.0997535840116,56.0992788480358
Ratio of female to male labor force participation rate (%) (modeled ILO estimate),SL.TLF.CACT.FM.ZS,United Kingdom,GBR,81.3443959995927,81.494015533732,82.1378973830918,82.7261293420464,83.0004981859774,83.3526088436347,84.2174991904155,84.4902980455456,84.6380837506108,84.7762545025707
Ratio of female to male labor force participation rate (%) (modeled ILO estimate),SL.TLF.CACT.FM.ZS,United States,USA,82.1073095826204,81.6298622938435,81.6217624828978,81.8867817803117,81.6146016701853,81.6916670664193,82.2425689326435,82.3655692161061,82.3130876022054,82.2533365191282
Ratio of female to male labor force participation rate (%) (modeled ILO estimate),SL.TLF.CACT.FM.ZS,Uruguay,URY,72.8576636131346,73.3857694687943,72.4805242205288,73.8395211482747,74.1526136756689,75.2545876999628,75.4317142979859,75.6511428574403,75.7991932552837,75.9278937373514
Ratio of female to male labor force participation rate (%) (modeled ILO estimate),SL.TLF.CACT.FM.ZS,Uzbekistan,UZB,68.2949669547228,68.0978015238572,67.8952398626244,67.7123060483652,67.5379713428698,67.4003670138496,67.2918392669638,67.184300893449,67.0541382968302,66.9369073583328
Ratio of female to male labor force participation rate (%) (modeled ILO estimate),SL.TLF.CACT.FM.ZS,Vanuatu,VUT,76.7961757250933,76.8785413349169,76.9761374874563,77.0553176855789,77.1591751400957,77.2464173632839,77.2977952734883,77.3396097761698,77.3739894787741,77.4017681052688
Ratio of female to male labor force participation rate (%) (modeled ILO estimate),SL.TLF.CACT.FM.ZS,"Venezuela, RB",VEN,63.5980013647965,64.1156605089712,64.4318974929387,64.2991730071436,64.0822602587342,62.7100036068731,61.7121775905394,60.5986209164915,60.7056504794758,60.7751566561801
Ratio of female to male labor force participation rate (%) (modeled ILO estimate),SL.TLF.CACT.FM.ZS,Vietnam,VNM,88.5010679291884,88.9394968819582,88.8207519681066,88.9094853835736,87.987174414511,88.2498167133934,88.1816864838566,88.2213219973942,88.2775045822406,88.327417854087
Ratio of female to male labor force participation rate (%) (modeled ILO estimate),SL.TLF.CACT.FM.ZS,Virgin Islands (U.S.),VIR,89.0028923202099,89.5838421769341,90.1638136560842,90.6428118151166,91.6376120611896,92.2708987336933,92.4145986342129,92.8218340255613,93.0289617167221,93.1592063522337
Ratio of female to male labor force participation rate (%) (modeled ILO estimate),SL.TLF.CACT.FM.ZS,West Bank and Gaza,PSE,23.1682327352791,23.8252295784303,23.102643029704,24.1802347069832,25.4668978791541,24.6505406988616,24.9046475517831,25.2518086689135,25.4586534295168,25.6359577061243
Ratio of female to male labor force participation rate (%) (modeled ILO estimate),SL.TLF.CACT.FM.ZS,"Yemen, Rep.",YEM,12.919205320163,11.4346512733592,10.1307046625053,8.98786581410423,8.82705721208685,8.68085736677392,8.59248134979752,8.53067068365363,8.31255463893677,8.09641094980703
Ratio of female to male labor force participation rate (%) (modeled ILO estimate),SL.TLF.CACT.FM.ZS,Zambia,ZMB,86.3476303476911,86.5442293648951,86.776490338988,87.0718140558565,87.4390089535991,87.833616810903,88.3138090404893,88.8465237004508,88.9903459345318,89.1277940005515
Ratio of female to male labor force participation rate (%) (modeled ILO estimate),SL.TLF.CACT.FM.ZS,Zimbabwe,ZWE,87.4687939910038,87.4221848538204,87.3376193205806,87.2896417892475,87.2977021117846,87.2737672407539,87.4008016251415,87.6404252665844,87.7664604281885,87.8936446358481
,,,,,,,,,,,,,
,,,,,,,,,,,,,
,,,,,,,,,,,,,
Data from database: Gender Statistics,,,,,,,,,,,,,
Last Updated: 12/21/2020,,,,,,,,,,,,,
